"State","Day","Hospitalizations","ICU","Ventilators"
"Wyoming",2020-04-16,2,0,0
"Wyoming",2020-04-17,3,1,1
"Wyoming",2020-04-18,5,1,1
"Wyoming",2020-04-19,7,1,1
"Wyoming",2020-04-20,9,2,2
"Wyoming",2020-04-21,12,3,2
"Wyoming",2020-04-22,16,3,3
"Wyoming",2020-04-23,20,4,4
"Wyoming",2020-04-24,24,5,5
"Wyoming",2020-04-25,29,6,6
"Wyoming",2020-04-26,33,7,7
"Wyoming",2020-04-27,38,8,8
"Wyoming",2020-04-28,42,9,9
"Wyoming",2020-04-29,47,10,10
"Wyoming",2020-04-30,50,11,10
"Wyoming",2020-05-01,54,12,11
"Wyoming",2020-05-02,56,13,12
"Wyoming",2020-05-03,58,13,12
"Wyoming",2020-05-04,59,14,12
"Wyoming",2020-05-05,60,14,13
"Wyoming",2020-05-06,60,14,13
"Wyoming",2020-05-07,58,14,13
"Wyoming",2020-05-08,57,14,12
"Wyoming",2020-05-09,55,14,12
"Wyoming",2020-05-10,52,13,11
"Wyoming",2020-05-11,49,13,11
"Wyoming",2020-05-12,45,12,10
"Wyoming",2020-05-13,41,11,9
"Wyoming",2020-05-14,38,10,9
"Wyoming",2020-05-15,34,9,8
"Wyoming",2020-05-16,30,8,7
"Wyoming",2020-05-17,26,8,6
"Wyoming",2020-05-18,23,7,5
"Wyoming",2020-05-19,20,6,5
"Wyoming",2020-05-20,17,5,4
"Wyoming",2020-05-21,14,4,3
"Wyoming",2020-05-22,11,4,3
"Wyoming",2020-05-23,9,3,2
"Wyoming",2020-05-24,8,3,2
"Wyoming",2020-05-25,6,2,2
"Wyoming",2020-05-26,5,2,1
"Wyoming",2020-05-27,4,1,1
"Wyoming",2020-05-28,3,1,1
"Wyoming",2020-05-29,2,1,1
"Wyoming",2020-05-30,2,1,0
"Wyoming",2020-05-31,1,0,0
"Wisconsin",2020-04-16,484,119,105
"Wisconsin",2020-04-17,460,116,102
"Wisconsin",2020-04-18,433,111,96
"Wisconsin",2020-04-19,405,106,91
"Wisconsin",2020-04-20,371,99,85
"Wisconsin",2020-04-21,341,92,78
"Wisconsin",2020-04-22,307,85,72
"Wisconsin",2020-04-23,276,80,66
"Wisconsin",2020-04-24,245,71,59
"Wisconsin",2020-04-25,215,64,52
"Wisconsin",2020-04-26,188,57,45
"Wisconsin",2020-04-27,164,50,39
"Wisconsin",2020-04-28,140,43,34
"Wisconsin",2020-04-29,118,37,29
"Wisconsin",2020-04-30,100,32,24
"Wisconsin",2020-05-01,83,27,21
"Wisconsin",2020-05-02,69,22,17
"Wisconsin",2020-05-03,55,18,14
"Wisconsin",2020-05-04,44,15,11
"Wisconsin",2020-05-05,34,12,9
"Wisconsin",2020-05-06,26,9,6
"Wisconsin",2020-05-07,19,7,5
"Wisconsin",2020-05-08,14,5,3
"Wisconsin",2020-05-09,10,4,3
"Wisconsin",2020-05-10,8,3,2
"Wisconsin",2020-05-11,6,2,2
"Wisconsin",2020-05-12,5,2,1
"Wisconsin",2020-05-13,4,1,1
"Wisconsin",2020-05-14,3,1,1
"Wisconsin",2020-05-15,2,1,0
"Wisconsin",2020-05-16,2,0,0
"Wisconsin",2020-05-17,1,0,0
"Wisconsin",2020-05-18,1,0,0
"Wisconsin",2020-05-19,1,0,0
"Wisconsin",2020-05-20,0,0,0
"Wisconsin",2020-05-21,0,0,0
"Wisconsin",2020-05-22,0,0,0
"Wisconsin",2020-05-23,0,0,0
"Wisconsin",2020-05-24,0,0,0
"Wisconsin",2020-05-25,0,0,0
"Wisconsin",2020-05-26,0,0,0
"Wisconsin",2020-05-27,0,0,0
"Wisconsin",2020-05-28,0,0,0
"Wisconsin",2020-05-29,0,0,0
"Wisconsin",2020-05-30,0,0,0
"Wisconsin",2020-05-31,0,0,0
"West Virginia",2020-04-16,116,27,25
"West Virginia",2020-04-17,119,28,26
"West Virginia",2020-04-18,121,29,26
"West Virginia",2020-04-19,120,29,26
"West Virginia",2020-04-20,118,29,26
"West Virginia",2020-04-21,115,29,26
"West Virginia",2020-04-22,110,29,25
"West Virginia",2020-04-23,105,28,24
"West Virginia",2020-04-24,99,27,23
"West Virginia",2020-04-25,92,25,22
"West Virginia",2020-04-26,86,24,20
"West Virginia",2020-04-27,78,22,19
"West Virginia",2020-04-28,71,20,17
"West Virginia",2020-04-29,64,18,15
"West Virginia",2020-04-30,56,17,14
"West Virginia",2020-05-01,49,15,12
"West Virginia",2020-05-02,43,13,10
"West Virginia",2020-05-03,37,11,9
"West Virginia",2020-05-04,31,10,8
"West Virginia",2020-05-05,27,8,7
"West Virginia",2020-05-06,22,7,6
"West Virginia",2020-05-07,19,6,5
"West Virginia",2020-05-08,15,5,4
"West Virginia",2020-05-09,13,4,3
"West Virginia",2020-05-10,10,3,3
"West Virginia",2020-05-11,8,3,2
"West Virginia",2020-05-12,7,2,2
"West Virginia",2020-05-13,5,2,1
"West Virginia",2020-05-14,4,1,1
"West Virginia",2020-05-15,3,1,1
"West Virginia",2020-05-16,3,1,1
"West Virginia",2020-05-17,2,1,0
"West Virginia",2020-05-18,1,0,0
"West Virginia",2020-05-19,1,0,0
"West Virginia",2020-05-20,1,0,0
"West Virginia",2020-05-21,1,0,0
"West Virginia",2020-05-22,0,0,0
"West Virginia",2020-05-23,0,0,0
"West Virginia",2020-05-24,0,0,0
"West Virginia",2020-05-25,0,0,0
"West Virginia",2020-05-26,0,0,0
"West Virginia",2020-05-27,0,0,0
"West Virginia",2020-05-28,0,0,0
"West Virginia",2020-05-29,0,0,0
"West Virginia",2020-05-30,0,0,0
"West Virginia",2020-05-31,0,0,0
"Washington",2020-04-16,813,206,177
"Washington",2020-04-17,782,194,168
"Washington",2020-04-18,747,186,160
"Washington",2020-04-19,708,178,152
"Washington",2020-04-20,668,168,144
"Washington",2020-04-21,621,157,134
"Washington",2020-04-22,578,151,128
"Washington",2020-04-23,535,145,121
"Washington",2020-04-24,492,134,111
"Washington",2020-04-25,447,123,102
"Washington",2020-04-26,409,113,93
"Washington",2020-04-27,372,103,84
"Washington",2020-04-28,332,93,76
"Washington",2020-04-29,295,83,67
"Washington",2020-04-30,260,74,60
"Washington",2020-05-01,227,66,52
"Washington",2020-05-02,198,58,46
"Washington",2020-05-03,172,51,40
"Washington",2020-05-04,149,44,35
"Washington",2020-05-05,129,38,30
"Washington",2020-05-06,110,33,26
"Washington",2020-05-07,94,29,22
"Washington",2020-05-08,79,24,18
"Washington",2020-05-09,65,20,15
"Washington",2020-05-10,52,16,12
"Washington",2020-05-11,40,13,9
"Washington",2020-05-12,30,10,7
"Washington",2020-05-13,22,8,5
"Washington",2020-05-14,16,6,4
"Washington",2020-05-15,12,5,3
"Washington",2020-05-16,9,4,2
"Washington",2020-05-17,7,3,2
"Washington",2020-05-18,6,2,1
"Washington",2020-05-19,5,2,1
"Washington",2020-05-20,4,1,1
"Washington",2020-05-21,3,1,0
"Washington",2020-05-22,2,0,0
"Washington",2020-05-23,2,0,0
"Washington",2020-05-24,1,0,0
"Washington",2020-05-25,1,0,0
"Washington",2020-05-26,0,0,0
"Washington",2020-05-27,0,0,0
"Washington",2020-05-28,0,0,0
"Washington",2020-05-29,0,0,0
"Washington",2020-05-30,0,0,0
"Washington",2020-05-31,0,0,0
"Virginia",2020-04-16,1028,210,186
"Virginia",2020-04-17,1105,224,199
"Virginia",2020-04-18,1176,242,214
"Virginia",2020-04-19,1243,259,228
"Virginia",2020-04-20,1304,262,232
"Virginia",2020-04-21,1352,273,242
"Virginia",2020-04-22,1396,285,251
"Virginia",2020-04-23,1431,295,259
"Virginia",2020-04-24,1446,302,264
"Virginia",2020-04-25,1463,309,269
"Virginia",2020-04-26,1473,314,272
"Virginia",2020-04-27,1474,317,274
"Virginia",2020-04-28,1467,319,274
"Virginia",2020-04-29,1454,318,273
"Virginia",2020-04-30,1434,316,270
"Virginia",2020-05-01,1407,313,266
"Virginia",2020-05-02,1373,307,260
"Virginia",2020-05-03,1334,301,254
"Virginia",2020-05-04,1293,294,247
"Virginia",2020-05-05,1251,286,240
"Virginia",2020-05-06,1206,277,232
"Virginia",2020-05-07,1160,268,224
"Virginia",2020-05-08,1116,259,216
"Virginia",2020-05-09,1071,250,208
"Virginia",2020-05-10,1026,240,199
"Virginia",2020-05-11,978,229,190
"Virginia",2020-05-12,930,219,181
"Virginia",2020-05-13,880,208,172
"Virginia",2020-05-14,831,197,162
"Virginia",2020-05-15,782,186,153
"Virginia",2020-05-16,734,175,144
"Virginia",2020-05-17,687,165,135
"Virginia",2020-05-18,640,155,126
"Virginia",2020-05-19,595,145,118
"Virginia",2020-05-20,550,135,109
"Virginia",2020-05-21,508,125,101
"Virginia",2020-05-22,467,116,94
"Virginia",2020-05-23,428,107,86
"Virginia",2020-05-24,391,98,79
"Virginia",2020-05-25,356,90,72
"Virginia",2020-05-26,323,82,66
"Virginia",2020-05-27,293,75,60
"Virginia",2020-05-28,264,68,54
"Virginia",2020-05-29,238,61,49
"Virginia",2020-05-30,213,55,44
"Virginia",2020-05-31,190,50,39
"Vermont",2020-04-16,10,3,2
"Vermont",2020-04-17,11,3,2
"Vermont",2020-04-18,11,3,3
"Vermont",2020-04-19,12,3,3
"Vermont",2020-04-20,12,4,3
"Vermont",2020-04-21,13,4,3
"Vermont",2020-04-22,14,4,3
"Vermont",2020-04-23,14,3,3
"Vermont",2020-04-24,15,3,3
"Vermont",2020-04-25,15,4,3
"Vermont",2020-04-26,15,4,3
"Vermont",2020-04-27,15,4,3
"Vermont",2020-04-28,15,4,3
"Vermont",2020-04-29,14,4,3
"Vermont",2020-04-30,14,4,3
"Vermont",2020-05-01,13,3,3
"Vermont",2020-05-02,12,3,3
"Vermont",2020-05-03,11,3,3
"Vermont",2020-05-04,10,3,2
"Vermont",2020-05-05,9,2,2
"Vermont",2020-05-06,7,2,2
"Vermont",2020-05-07,6,2,1
"Vermont",2020-05-08,5,2,1
"Vermont",2020-05-09,4,1,1
"Vermont",2020-05-10,3,1,1
"Vermont",2020-05-11,2,1,1
"Vermont",2020-05-12,2,1,1
"Vermont",2020-05-13,1,1,0
"Vermont",2020-05-14,1,0,0
"Vermont",2020-05-15,1,0,0
"Vermont",2020-05-16,1,0,0
"Vermont",2020-05-17,1,0,0
"Vermont",2020-05-18,0,0,0
"Vermont",2020-05-19,0,0,0
"Vermont",2020-05-20,0,0,0
"Vermont",2020-05-21,0,0,0
"Vermont",2020-05-22,0,0,0
"Vermont",2020-05-23,0,0,0
"Vermont",2020-05-24,0,0,0
"Vermont",2020-05-25,0,0,0
"Vermont",2020-05-26,0,0,0
"Vermont",2020-05-27,0,0,0
"Vermont",2020-05-28,0,0,0
"Vermont",2020-05-29,0,0,0
"Vermont",2020-05-30,0,0,0
"Vermont",2020-05-31,0,0,0
"Utah",2020-04-16,139,26,23
"Utah",2020-04-17,148,27,24
"Utah",2020-04-18,158,29,26
"Utah",2020-04-19,167,31,28
"Utah",2020-04-20,176,34,29
"Utah",2020-04-21,182,34,30
"Utah",2020-04-22,190,36,32
"Utah",2020-04-23,198,39,34
"Utah",2020-04-24,205,40,35
"Utah",2020-04-25,210,41,36
"Utah",2020-04-26,215,43,37
"Utah",2020-04-27,221,44,38
"Utah",2020-04-28,224,45,38
"Utah",2020-04-29,227,46,39
"Utah",2020-04-30,229,46,40
"Utah",2020-05-01,230,47,40
"Utah",2020-05-02,230,47,40
"Utah",2020-05-03,229,47,40
"Utah",2020-05-04,228,47,40
"Utah",2020-05-05,225,47,40
"Utah",2020-05-06,221,47,39
"Utah",2020-05-07,217,46,38
"Utah",2020-05-08,212,45,38
"Utah",2020-05-09,206,44,37
"Utah",2020-05-10,200,43,36
"Utah",2020-05-11,194,42,35
"Utah",2020-05-12,186,41,34
"Utah",2020-05-13,179,39,32
"Utah",2020-05-14,171,38,31
"Utah",2020-05-15,164,36,30
"Utah",2020-05-16,156,35,29
"Utah",2020-05-17,148,33,27
"Utah",2020-05-18,140,32,26
"Utah",2020-05-19,131,30,24
"Utah",2020-05-20,123,28,23
"Utah",2020-05-21,115,27,21
"Utah",2020-05-22,107,25,20
"Utah",2020-05-23,100,23,19
"Utah",2020-05-24,92,22,17
"Utah",2020-05-25,85,20,16
"Utah",2020-05-26,78,19,15
"Utah",2020-05-27,71,17,14
"Utah",2020-05-28,65,16,12
"Utah",2020-05-29,58,14,11
"Utah",2020-05-30,53,13,10
"Utah",2020-05-31,47,12,9
"Texas",2020-04-16,1911,414,376
"Texas",2020-04-17,2043,445,403
"Texas",2020-04-18,2166,477,430
"Texas",2020-04-19,2280,501,452
"Texas",2020-04-20,2383,527,473
"Texas",2020-04-21,2475,549,492
"Texas",2020-04-22,2557,570,509
"Texas",2020-04-23,2624,593,527
"Texas",2020-04-24,2684,610,541
"Texas",2020-04-25,2733,625,553
"Texas",2020-04-26,2771,638,562
"Texas",2020-04-27,2802,648,570
"Texas",2020-04-28,2818,656,575
"Texas",2020-04-29,2824,661,577
"Texas",2020-04-30,2820,663,578
"Texas",2020-05-01,2807,662,576
"Texas",2020-05-02,2780,659,572
"Texas",2020-05-03,2741,653,565
"Texas",2020-05-04,2692,645,556
"Texas",2020-05-05,2634,634,546
"Texas",2020-05-06,2567,621,533
"Texas",2020-05-07,2491,605,518
"Texas",2020-05-08,2407,588,502
"Texas",2020-05-09,2318,569,485
"Texas",2020-05-10,2225,549,467
"Texas",2020-05-11,2130,528,447
"Texas",2020-05-12,2029,506,427
"Texas",2020-05-13,1926,483,407
"Texas",2020-05-14,1824,459,386
"Texas",2020-05-15,1720,435,365
"Texas",2020-05-16,1618,411,344
"Texas",2020-05-17,1517,387,323
"Texas",2020-05-18,1418,363,302
"Texas",2020-05-19,1320,340,282
"Texas",2020-05-20,1226,317,262
"Texas",2020-05-21,1133,295,243
"Texas",2020-05-22,1045,273,224
"Texas",2020-05-23,960,252,207
"Texas",2020-05-24,878,232,190
"Texas",2020-05-25,800,213,174
"Texas",2020-05-26,730,194,158
"Texas",2020-05-27,661,177,144
"Texas",2020-05-28,598,161,130
"Texas",2020-05-29,539,146,118
"Texas",2020-05-30,485,132,106
"Texas",2020-05-31,434,118,95
"Tennessee",2020-04-16,632,151,137
"Tennessee",2020-04-17,632,151,137
"Tennessee",2020-04-18,627,152,137
"Tennessee",2020-04-19,618,152,136
"Tennessee",2020-04-20,606,150,134
"Tennessee",2020-04-21,590,150,132
"Tennessee",2020-04-22,573,148,130
"Tennessee",2020-04-23,553,147,128
"Tennessee",2020-04-24,530,142,122
"Tennessee",2020-04-25,507,136,117
"Tennessee",2020-04-26,481,130,111
"Tennessee",2020-04-27,456,123,105
"Tennessee",2020-04-28,424,115,98
"Tennessee",2020-04-29,392,107,91
"Tennessee",2020-04-30,360,99,83
"Tennessee",2020-05-01,328,91,76
"Tennessee",2020-05-02,297,84,69
"Tennessee",2020-05-03,266,76,63
"Tennessee",2020-05-04,237,68,56
"Tennessee",2020-05-05,209,61,50
"Tennessee",2020-05-06,183,54,44
"Tennessee",2020-05-07,160,48,38
"Tennessee",2020-05-08,138,42,33
"Tennessee",2020-05-09,118,36,29
"Tennessee",2020-05-10,101,31,24
"Tennessee",2020-05-11,85,27,21
"Tennessee",2020-05-12,71,23,17
"Tennessee",2020-05-13,59,19,14
"Tennessee",2020-05-14,49,16,12
"Tennessee",2020-05-15,39,13,10
"Tennessee",2020-05-16,32,10,8
"Tennessee",2020-05-17,25,8,6
"Tennessee",2020-05-18,19,7,5
"Tennessee",2020-05-19,15,5,4
"Tennessee",2020-05-20,11,4,3
"Tennessee",2020-05-21,8,3,2
"Tennessee",2020-05-22,6,2,1
"Tennessee",2020-05-23,5,2,1
"Tennessee",2020-05-24,4,1,1
"Tennessee",2020-05-25,3,1,1
"Tennessee",2020-05-26,2,1,0
"Tennessee",2020-05-27,2,0,0
"Tennessee",2020-05-28,1,0,0
"Tennessee",2020-05-29,1,0,0
"Tennessee",2020-05-30,1,0,0
"Tennessee",2020-05-31,0,0,0
"South Dakota",2020-04-16,109,25,24
"South Dakota",2020-04-17,117,27,25
"South Dakota",2020-04-18,126,29,27
"South Dakota",2020-04-19,136,32,29
"South Dakota",2020-04-20,145,34,31
"South Dakota",2020-04-21,153,37,34
"South Dakota",2020-04-22,161,39,36
"South Dakota",2020-04-23,169,42,38
"South Dakota",2020-04-24,177,44,40
"South Dakota",2020-04-25,183,45,41
"South Dakota",2020-04-26,189,47,42
"South Dakota",2020-04-27,194,48,43
"South Dakota",2020-04-28,197,49,44
"South Dakota",2020-04-29,200,50,45
"South Dakota",2020-04-30,201,51,45
"South Dakota",2020-05-01,201,51,45
"South Dakota",2020-05-02,200,51,45
"South Dakota",2020-05-03,198,51,45
"South Dakota",2020-05-04,194,50,44
"South Dakota",2020-05-05,190,49,43
"South Dakota",2020-05-06,184,48,42
"South Dakota",2020-05-07,177,47,40
"South Dakota",2020-05-08,169,45,39
"South Dakota",2020-05-09,161,43,37
"South Dakota",2020-05-10,152,41,35
"South Dakota",2020-05-11,143,39,33
"South Dakota",2020-05-12,134,37,31
"South Dakota",2020-05-13,125,34,29
"South Dakota",2020-05-14,116,32,27
"South Dakota",2020-05-15,107,30,25
"South Dakota",2020-05-16,98,28,23
"South Dakota",2020-05-17,90,25,21
"South Dakota",2020-05-18,81,23,19
"South Dakota",2020-05-19,74,21,17
"South Dakota",2020-05-20,66,19,16
"South Dakota",2020-05-21,59,17,14
"South Dakota",2020-05-22,53,15,13
"South Dakota",2020-05-23,47,14,11
"South Dakota",2020-05-24,41,12,10
"South Dakota",2020-05-25,36,11,9
"South Dakota",2020-05-26,31,9,8
"South Dakota",2020-05-27,27,8,7
"South Dakota",2020-05-28,23,7,6
"South Dakota",2020-05-29,20,6,5
"South Dakota",2020-05-30,17,5,4
"South Dakota",2020-05-31,14,4,3
"South Carolina",2020-04-16,446,103,94
"South Carolina",2020-04-17,461,108,97
"South Carolina",2020-04-18,476,113,101
"South Carolina",2020-04-19,491,119,106
"South Carolina",2020-04-20,506,120,108
"South Carolina",2020-04-21,520,125,112
"South Carolina",2020-04-22,534,128,115
"South Carolina",2020-04-23,548,133,119
"South Carolina",2020-04-24,557,136,121
"South Carolina",2020-04-25,567,138,123
"South Carolina",2020-04-26,575,141,125
"South Carolina",2020-04-27,583,142,126
"South Carolina",2020-04-28,588,144,127
"South Carolina",2020-04-29,591,145,128
"South Carolina",2020-04-30,593,146,128
"South Carolina",2020-05-01,592,146,129
"South Carolina",2020-05-02,590,146,128
"South Carolina",2020-05-03,586,145,127
"South Carolina",2020-05-04,579,144,126
"South Carolina",2020-05-05,570,142,124
"South Carolina",2020-05-06,558,140,122
"South Carolina",2020-05-07,544,137,119
"South Carolina",2020-05-08,529,134,116
"South Carolina",2020-05-09,512,131,113
"South Carolina",2020-05-10,494,127,109
"South Carolina",2020-05-11,476,122,105
"South Carolina",2020-05-12,456,118,101
"South Carolina",2020-05-13,436,113,97
"South Carolina",2020-05-14,416,109,93
"South Carolina",2020-05-15,396,104,88
"South Carolina",2020-05-16,375,99,84
"South Carolina",2020-05-17,355,93,79
"South Carolina",2020-05-18,334,88,75
"South Carolina",2020-05-19,314,83,70
"South Carolina",2020-05-20,294,78,66
"South Carolina",2020-05-21,275,73,62
"South Carolina",2020-05-22,256,69,57
"South Carolina",2020-05-23,237,64,53
"South Carolina",2020-05-24,220,59,49
"South Carolina",2020-05-25,202,55,46
"South Carolina",2020-05-26,186,51,42
"South Carolina",2020-05-27,171,47,39
"South Carolina",2020-05-28,156,43,35
"South Carolina",2020-05-29,142,39,32
"South Carolina",2020-05-30,129,36,29
"South Carolina",2020-05-31,117,33,27
"Rhode Island",2020-04-16,520,123,113
"Rhode Island",2020-04-17,560,133,123
"Rhode Island",2020-04-18,599,144,132
"Rhode Island",2020-04-19,637,153,140
"Rhode Island",2020-04-20,674,163,149
"Rhode Island",2020-04-21,710,174,158
"Rhode Island",2020-04-22,745,182,165
"Rhode Island",2020-04-23,778,191,173
"Rhode Island",2020-04-24,807,199,180
"Rhode Island",2020-04-25,837,207,186
"Rhode Island",2020-04-26,861,214,192
"Rhode Island",2020-04-27,884,220,198
"Rhode Island",2020-04-28,903,226,202
"Rhode Island",2020-04-29,918,230,206
"Rhode Island",2020-04-30,930,234,209
"Rhode Island",2020-05-01,938,237,211
"Rhode Island",2020-05-02,942,239,212
"Rhode Island",2020-05-03,940,240,212
"Rhode Island",2020-05-04,933,239,211
"Rhode Island",2020-05-05,922,237,209
"Rhode Island",2020-05-06,906,234,206
"Rhode Island",2020-05-07,886,230,202
"Rhode Island",2020-05-08,861,225,196
"Rhode Island",2020-05-09,833,219,190
"Rhode Island",2020-05-10,802,212,184
"Rhode Island",2020-05-11,770,205,177
"Rhode Island",2020-05-12,736,197,170
"Rhode Island",2020-05-13,701,188,162
"Rhode Island",2020-05-14,665,180,154
"Rhode Island",2020-05-15,629,171,146
"Rhode Island",2020-05-16,594,162,138
"Rhode Island",2020-05-17,557,152,130
"Rhode Island",2020-05-18,521,143,121
"Rhode Island",2020-05-19,486,134,113
"Rhode Island",2020-05-20,452,125,106
"Rhode Island",2020-05-21,419,116,98
"Rhode Island",2020-05-22,386,108,90
"Rhode Island",2020-05-23,354,99,83
"Rhode Island",2020-05-24,325,91,76
"Rhode Island",2020-05-25,297,84,70
"Rhode Island",2020-05-26,270,77,64
"Rhode Island",2020-05-27,245,70,58
"Rhode Island",2020-05-28,221,63,52
"Rhode Island",2020-05-29,199,57,47
"Rhode Island",2020-05-30,179,52,42
"Rhode Island",2020-05-31,160,46,38
"Pennsylvania",2020-04-16,4287,856,738
"Pennsylvania",2020-04-17,4269,870,744
"Pennsylvania",2020-04-18,4208,862,734
"Pennsylvania",2020-04-19,4100,848,718
"Pennsylvania",2020-04-20,3960,843,707
"Pennsylvania",2020-04-21,3784,816,680
"Pennsylvania",2020-04-22,3564,780,646
"Pennsylvania",2020-04-23,3323,751,616
"Pennsylvania",2020-04-24,3087,709,576
"Pennsylvania",2020-04-25,2825,665,536
"Pennsylvania",2020-04-26,2557,617,493
"Pennsylvania",2020-04-27,2306,567,449
"Pennsylvania",2020-04-28,2051,517,406
"Pennsylvania",2020-04-29,1813,468,364
"Pennsylvania",2020-04-30,1586,419,323
"Pennsylvania",2020-05-01,1375,371,284
"Pennsylvania",2020-05-02,1183,326,247
"Pennsylvania",2020-05-03,1011,285,214
"Pennsylvania",2020-05-04,858,246,184
"Pennsylvania",2020-05-05,726,212,156
"Pennsylvania",2020-05-06,610,180,132
"Pennsylvania",2020-05-07,511,152,111
"Pennsylvania",2020-05-08,427,128,93
"Pennsylvania",2020-05-09,355,107,77
"Pennsylvania",2020-05-10,294,88,64
"Pennsylvania",2020-05-11,241,72,52
"Pennsylvania",2020-05-12,197,59,42
"Pennsylvania",2020-05-13,159,47,34
"Pennsylvania",2020-05-14,127,38,27
"Pennsylvania",2020-05-15,101,30,21
"Pennsylvania",2020-05-16,79,24,17
"Pennsylvania",2020-05-17,62,18,13
"Pennsylvania",2020-05-18,47,14,10
"Pennsylvania",2020-05-19,36,11,8
"Pennsylvania",2020-05-20,27,8,6
"Pennsylvania",2020-05-21,20,6,4
"Pennsylvania",2020-05-22,15,5,3
"Pennsylvania",2020-05-23,11,3,2
"Pennsylvania",2020-05-24,8,2,2
"Pennsylvania",2020-05-25,6,2,1
"Pennsylvania",2020-05-26,5,1,1
"Pennsylvania",2020-05-27,3,1,1
"Pennsylvania",2020-05-28,2,1,0
"Pennsylvania",2020-05-29,2,0,0
"Pennsylvania",2020-05-30,1,0,0
"Pennsylvania",2020-05-31,1,0,0
"Oregon",2020-04-16,209,45,40
"Oregon",2020-04-17,216,48,42
"Oregon",2020-04-18,222,49,43
"Oregon",2020-04-19,229,50,44
"Oregon",2020-04-20,232,49,43
"Oregon",2020-04-21,237,51,45
"Oregon",2020-04-22,241,52,45
"Oregon",2020-04-23,244,53,46
"Oregon",2020-04-24,243,53,46
"Oregon",2020-04-25,245,54,47
"Oregon",2020-04-26,246,54,47
"Oregon",2020-04-27,245,54,47
"Oregon",2020-04-28,244,54,47
"Oregon",2020-04-29,242,54,46
"Oregon",2020-04-30,239,54,46
"Oregon",2020-05-01,236,53,45
"Oregon",2020-05-02,232,53,45
"Oregon",2020-05-03,227,52,44
"Oregon",2020-05-04,222,51,43
"Oregon",2020-05-05,216,50,42
"Oregon",2020-05-06,211,49,41
"Oregon",2020-05-07,205,47,40
"Oregon",2020-05-08,199,46,39
"Oregon",2020-05-09,192,45,38
"Oregon",2020-05-10,186,43,37
"Oregon",2020-05-11,179,42,35
"Oregon",2020-05-12,173,41,34
"Oregon",2020-05-13,166,39,33
"Oregon",2020-05-14,159,38,31
"Oregon",2020-05-15,152,36,30
"Oregon",2020-05-16,146,35,29
"Oregon",2020-05-17,140,33,28
"Oregon",2020-05-18,133,32,26
"Oregon",2020-05-19,126,30,25
"Oregon",2020-05-20,119,29,24
"Oregon",2020-05-21,113,27,22
"Oregon",2020-05-22,106,26,21
"Oregon",2020-05-23,99,24,20
"Oregon",2020-05-24,92,23,19
"Oregon",2020-05-25,86,21,17
"Oregon",2020-05-26,80,20,16
"Oregon",2020-05-27,75,18,15
"Oregon",2020-05-28,69,17,14
"Oregon",2020-05-29,64,16,13
"Oregon",2020-05-30,60,15,12
"Oregon",2020-05-31,55,14,11
"Oklahoma",2020-04-16,606,140,128
"Oklahoma",2020-04-17,640,149,135
"Oklahoma",2020-04-18,674,155,141
"Oklahoma",2020-04-19,705,162,147
"Oklahoma",2020-04-20,735,171,155
"Oklahoma",2020-04-21,763,179,162
"Oklahoma",2020-04-22,785,186,168
"Oklahoma",2020-04-23,806,195,174
"Oklahoma",2020-04-24,827,200,179
"Oklahoma",2020-04-25,844,205,183
"Oklahoma",2020-04-26,858,209,186
"Oklahoma",2020-04-27,871,212,189
"Oklahoma",2020-04-28,877,215,190
"Oklahoma",2020-04-29,881,217,192
"Oklahoma",2020-04-30,882,218,192
"Oklahoma",2020-05-01,880,218,192
"Oklahoma",2020-05-02,874,217,191
"Oklahoma",2020-05-03,864,216,189
"Oklahoma",2020-05-04,851,214,187
"Oklahoma",2020-05-05,834,210,183
"Oklahoma",2020-05-06,814,206,179
"Oklahoma",2020-05-07,790,201,174
"Oklahoma",2020-05-08,763,195,168
"Oklahoma",2020-05-09,735,189,162
"Oklahoma",2020-05-10,704,182,156
"Oklahoma",2020-05-11,673,175,150
"Oklahoma",2020-05-12,641,167,143
"Oklahoma",2020-05-13,608,159,136
"Oklahoma",2020-05-14,575,151,129
"Oklahoma",2020-05-15,542,144,122
"Oklahoma",2020-05-16,510,135,114
"Oklahoma",2020-05-17,477,127,107
"Oklahoma",2020-05-18,445,119,100
"Oklahoma",2020-05-19,414,112,93
"Oklahoma",2020-05-20,384,104,87
"Oklahoma",2020-05-21,354,96,80
"Oklahoma",2020-05-22,326,89,74
"Oklahoma",2020-05-23,300,82,68
"Oklahoma",2020-05-24,274,75,62
"Oklahoma",2020-05-25,250,69,57
"Oklahoma",2020-05-26,227,63,52
"Oklahoma",2020-05-27,205,57,47
"Oklahoma",2020-05-28,186,52,43
"Oklahoma",2020-05-29,166,47,38
"Oklahoma",2020-05-30,149,42,34
"Oklahoma",2020-05-31,134,38,31
"Ohio",2020-04-16,631,165,142
"Ohio",2020-04-17,578,153,131
"Ohio",2020-04-18,526,140,119
"Ohio",2020-04-19,474,127,107
"Ohio",2020-04-20,421,115,96
"Ohio",2020-04-21,369,104,86
"Ohio",2020-04-22,320,94,76
"Ohio",2020-04-23,274,86,69
"Ohio",2020-04-24,233,75,59
"Ohio",2020-04-25,198,64,50
"Ohio",2020-04-26,167,55,42
"Ohio",2020-04-27,143,46,35
"Ohio",2020-04-28,118,39,29
"Ohio",2020-04-29,97,32,24
"Ohio",2020-04-30,78,26,19
"Ohio",2020-05-01,62,21,15
"Ohio",2020-05-02,48,17,12
"Ohio",2020-05-03,37,13,9
"Ohio",2020-05-04,28,10,7
"Ohio",2020-05-05,21,7,5
"Ohio",2020-05-06,15,5,4
"Ohio",2020-05-07,11,4,3
"Ohio",2020-05-08,9,3,2
"Ohio",2020-05-09,7,2,1
"Ohio",2020-05-10,5,2,1
"Ohio",2020-05-11,4,1,1
"Ohio",2020-05-12,3,1,0
"Ohio",2020-05-13,2,0,0
"Ohio",2020-05-14,2,0,0
"Ohio",2020-05-15,1,0,0
"Ohio",2020-05-16,1,0,0
"Ohio",2020-05-17,0,0,0
"Ohio",2020-05-18,0,0,0
"Ohio",2020-05-19,0,0,0
"Ohio",2020-05-20,0,0,0
"Ohio",2020-05-21,0,0,0
"Ohio",2020-05-22,0,0,0
"Ohio",2020-05-23,0,0,0
"Ohio",2020-05-24,0,0,0
"Ohio",2020-05-25,0,0,0
"Ohio",2020-05-26,0,0,0
"Ohio",2020-05-27,0,0,0
"Ohio",2020-05-28,0,0,0
"Ohio",2020-05-29,0,0,0
"Ohio",2020-05-30,0,0,0
"Ohio",2020-05-31,0,0,0
"North Dakota",2020-04-16,18,5,4
"North Dakota",2020-04-17,19,5,4
"North Dakota",2020-04-18,20,5,4
"North Dakota",2020-04-19,20,5,5
"North Dakota",2020-04-20,21,5,5
"North Dakota",2020-04-21,22,5,5
"North Dakota",2020-04-22,23,5,5
"North Dakota",2020-04-23,23,6,5
"North Dakota",2020-04-24,23,6,5
"North Dakota",2020-04-25,24,6,5
"North Dakota",2020-04-26,24,6,5
"North Dakota",2020-04-27,24,6,5
"North Dakota",2020-04-28,24,6,5
"North Dakota",2020-04-29,24,6,5
"North Dakota",2020-04-30,24,6,5
"North Dakota",2020-05-01,24,6,5
"North Dakota",2020-05-02,24,6,5
"North Dakota",2020-05-03,24,6,5
"North Dakota",2020-05-04,23,6,5
"North Dakota",2020-05-05,23,6,5
"North Dakota",2020-05-06,23,6,5
"North Dakota",2020-05-07,22,6,5
"North Dakota",2020-05-08,22,6,5
"North Dakota",2020-05-09,21,5,5
"North Dakota",2020-05-10,20,5,5
"North Dakota",2020-05-11,20,5,4
"North Dakota",2020-05-12,19,5,4
"North Dakota",2020-05-13,18,5,4
"North Dakota",2020-05-14,17,5,4
"North Dakota",2020-05-15,17,4,4
"North Dakota",2020-05-16,16,4,4
"North Dakota",2020-05-17,15,4,3
"North Dakota",2020-05-18,14,4,3
"North Dakota",2020-05-19,14,4,3
"North Dakota",2020-05-20,13,3,3
"North Dakota",2020-05-21,12,3,3
"North Dakota",2020-05-22,11,3,3
"North Dakota",2020-05-23,10,3,2
"North Dakota",2020-05-24,10,3,2
"North Dakota",2020-05-25,9,2,2
"North Dakota",2020-05-26,8,2,2
"North Dakota",2020-05-27,8,2,2
"North Dakota",2020-05-28,7,2,2
"North Dakota",2020-05-29,6,2,1
"North Dakota",2020-05-30,6,2,1
"North Dakota",2020-05-31,5,1,1
"North Carolina",2020-04-16,708,162,147
"North Carolina",2020-04-17,713,165,149
"North Carolina",2020-04-18,710,166,149
"North Carolina",2020-04-19,696,164,147
"North Carolina",2020-04-20,675,161,143
"North Carolina",2020-04-21,645,158,138
"North Carolina",2020-04-22,608,153,132
"North Carolina",2020-04-23,565,149,127
"North Carolina",2020-04-24,519,138,117
"North Carolina",2020-04-25,471,128,107
"North Carolina",2020-04-26,424,117,97
"North Carolina",2020-04-27,379,106,87
"North Carolina",2020-04-28,330,95,77
"North Carolina",2020-04-29,285,84,67
"North Carolina",2020-04-30,244,74,58
"North Carolina",2020-05-01,206,64,50
"North Carolina",2020-05-02,173,55,42
"North Carolina",2020-05-03,144,47,35
"North Carolina",2020-05-04,119,39,29
"North Carolina",2020-05-05,97,32,24
"North Carolina",2020-05-06,79,27,20
"North Carolina",2020-05-07,63,22,16
"North Carolina",2020-05-08,50,17,12
"North Carolina",2020-05-09,40,14,10
"North Carolina",2020-05-10,31,11,7
"North Carolina",2020-05-11,23,8,6
"North Carolina",2020-05-12,18,6,4
"North Carolina",2020-05-13,13,5,3
"North Carolina",2020-05-14,10,3,2
"North Carolina",2020-05-15,8,2,2
"North Carolina",2020-05-16,6,2,1
"North Carolina",2020-05-17,4,1,1
"North Carolina",2020-05-18,3,1,1
"North Carolina",2020-05-19,2,1,0
"North Carolina",2020-05-20,2,0,0
"North Carolina",2020-05-21,1,0,0
"North Carolina",2020-05-22,1,0,0
"North Carolina",2020-05-23,1,0,0
"North Carolina",2020-05-24,0,0,0
"North Carolina",2020-05-25,0,0,0
"North Carolina",2020-05-26,0,0,0
"North Carolina",2020-05-27,0,0,0
"North Carolina",2020-05-28,0,0,0
"North Carolina",2020-05-29,0,0,0
"North Carolina",2020-05-30,0,0,0
"North Carolina",2020-05-31,0,0,0
"New York",2020-04-16,9512,3446,3051
"New York",2020-04-17,8379,3086,2700
"New York",2020-04-18,7287,2707,2343
"New York",2020-04-19,6258,2351,2012
"New York",2020-04-20,5323,2018,1706
"New York",2020-04-21,4499,1711,1429
"New York",2020-04-22,3744,1439,1185
"New York",2020-04-23,3091,1193,970
"New York",2020-04-24,2530,976,783
"New York",2020-04-25,2052,793,627
"New York",2020-04-26,1657,639,498
"New York",2020-04-27,1326,509,391
"New York",2020-04-28,1049,401,304
"New York",2020-04-29,829,313,234
"New York",2020-04-30,652,241,178
"New York",2020-05-01,509,184,134
"New York",2020-05-02,395,139,100
"New York",2020-05-03,305,104,74
"New York",2020-05-04,233,76,54
"New York",2020-05-05,175,55,39
"New York",2020-05-06,131,40,27
"New York",2020-05-07,97,28,19
"New York",2020-05-08,70,19,13
"New York",2020-05-09,51,13,9
"New York",2020-05-10,36,9,6
"New York",2020-05-11,25,6,4
"New York",2020-05-12,18,4,3
"New York",2020-05-13,12,3,2
"New York",2020-05-14,9,2,1
"New York",2020-05-15,6,1,1
"New York",2020-05-16,4,1,0
"New York",2020-05-17,3,0,0
"New York",2020-05-18,2,0,0
"New York",2020-05-19,1,0,0
"New York",2020-05-20,1,0,0
"New York",2020-05-21,0,0,0
"New York",2020-05-22,0,0,0
"New York",2020-05-23,0,0,0
"New York",2020-05-24,0,0,0
"New York",2020-05-25,0,0,0
"New York",2020-05-26,0,0,0
"New York",2020-05-27,0,0,0
"New York",2020-05-28,0,0,0
"New York",2020-05-29,0,0,0
"New York",2020-05-30,0,0,0
"New York",2020-05-31,0,0,0
"New Mexico",2020-04-16,99,24,22
"New Mexico",2020-04-17,105,26,23
"New Mexico",2020-04-18,110,27,24
"New Mexico",2020-04-19,115,29,26
"New Mexico",2020-04-20,120,30,27
"New Mexico",2020-04-21,124,31,28
"New Mexico",2020-04-22,128,32,28
"New Mexico",2020-04-23,131,31,28
"New Mexico",2020-04-24,132,32,29
"New Mexico",2020-04-25,134,33,29
"New Mexico",2020-04-26,134,33,29
"New Mexico",2020-04-27,133,33,29
"New Mexico",2020-04-28,133,33,29
"New Mexico",2020-04-29,132,33,29
"New Mexico",2020-04-30,131,33,29
"New Mexico",2020-05-01,130,33,29
"New Mexico",2020-05-02,127,33,28
"New Mexico",2020-05-03,125,32,28
"New Mexico",2020-05-04,122,31,27
"New Mexico",2020-05-05,119,31,27
"New Mexico",2020-05-06,116,30,26
"New Mexico",2020-05-07,112,29,25
"New Mexico",2020-05-08,108,28,24
"New Mexico",2020-05-09,103,27,23
"New Mexico",2020-05-10,99,26,22
"New Mexico",2020-05-11,95,25,21
"New Mexico",2020-05-12,91,24,21
"New Mexico",2020-05-13,87,23,20
"New Mexico",2020-05-14,82,22,19
"New Mexico",2020-05-15,78,21,18
"New Mexico",2020-05-16,74,20,17
"New Mexico",2020-05-17,70,19,16
"New Mexico",2020-05-18,66,18,15
"New Mexico",2020-05-19,62,17,14
"New Mexico",2020-05-20,58,16,13
"New Mexico",2020-05-21,54,15,12
"New Mexico",2020-05-22,50,14,11
"New Mexico",2020-05-23,46,13,11
"New Mexico",2020-05-24,43,12,10
"New Mexico",2020-05-25,39,11,9
"New Mexico",2020-05-26,36,10,8
"New Mexico",2020-05-27,33,9,8
"New Mexico",2020-05-28,30,8,7
"New Mexico",2020-05-29,28,8,6
"New Mexico",2020-05-30,25,7,6
"New Mexico",2020-05-31,22,6,5
"New Jersey",2020-04-16,6118,1620,1389
"New Jersey",2020-04-17,5484,1516,1278
"New Jersey",2020-04-18,4859,1372,1144
"New Jersey",2020-04-19,4224,1219,1004
"New Jersey",2020-04-20,3655,1085,880
"New Jersey",2020-04-21,3127,953,761
"New Jersey",2020-04-22,2622,822,646
"New Jersey",2020-04-23,2162,721,556
"New Jersey",2020-04-24,1780,605,460
"New Jersey",2020-04-25,1452,506,378
"New Jersey",2020-04-26,1169,417,307
"New Jersey",2020-04-27,954,340,246
"New Jersey",2020-04-28,756,273,195
"New Jersey",2020-04-29,599,216,153
"New Jersey",2020-04-30,472,169,118
"New Jersey",2020-05-01,368,130,90
"New Jersey",2020-05-02,285,98,67
"New Jersey",2020-05-03,219,73,49
"New Jersey",2020-05-04,167,54,36
"New Jersey",2020-05-05,127,39,26
"New Jersey",2020-05-06,94,27,18
"New Jersey",2020-05-07,69,19,12
"New Jersey",2020-05-08,51,13,8
"New Jersey",2020-05-09,38,9,6
"New Jersey",2020-05-10,27,6,4
"New Jersey",2020-05-11,19,4,2
"New Jersey",2020-05-12,13,2,1
"New Jersey",2020-05-13,9,1,1
"New Jersey",2020-05-14,6,1,0
"New Jersey",2020-05-15,4,0,0
"New Jersey",2020-05-16,2,0,0
"New Jersey",2020-05-17,1,0,0
"New Jersey",2020-05-18,1,0,0
"New Jersey",2020-05-19,0,0,0
"New Jersey",2020-05-20,0,0,0
"New Jersey",2020-05-21,0,0,0
"New Jersey",2020-05-22,0,0,0
"New Jersey",2020-05-23,0,0,0
"New Jersey",2020-05-24,0,0,0
"New Jersey",2020-05-25,0,0,0
"New Jersey",2020-05-26,0,0,0
"New Jersey",2020-05-27,0,0,0
"New Jersey",2020-05-28,0,0,0
"New Jersey",2020-05-29,0,0,0
"New Jersey",2020-05-30,0,0,0
"New Jersey",2020-05-31,0,0,0
"New Hampshire",2020-04-16,138,33,30
"New Hampshire",2020-04-17,134,33,29
"New Hampshire",2020-04-18,128,33,29
"New Hampshire",2020-04-19,121,31,27
"New Hampshire",2020-04-20,113,28,25
"New Hampshire",2020-04-21,105,27,23
"New Hampshire",2020-04-22,96,26,22
"New Hampshire",2020-04-23,86,24,20
"New Hampshire",2020-04-24,75,22,18
"New Hampshire",2020-04-25,67,20,16
"New Hampshire",2020-04-26,59,17,14
"New Hampshire",2020-04-27,51,15,12
"New Hampshire",2020-04-28,42,13,10
"New Hampshire",2020-04-29,34,11,8
"New Hampshire",2020-04-30,27,9,7
"New Hampshire",2020-05-01,21,7,5
"New Hampshire",2020-05-02,16,6,4
"New Hampshire",2020-05-03,12,5,3
"New Hampshire",2020-05-04,9,4,2
"New Hampshire",2020-05-05,7,3,2
"New Hampshire",2020-05-06,5,2,1
"New Hampshire",2020-05-07,4,2,1
"New Hampshire",2020-05-08,3,1,1
"New Hampshire",2020-05-09,3,1,1
"New Hampshire",2020-05-10,2,1,0
"New Hampshire",2020-05-11,2,0,0
"New Hampshire",2020-05-12,1,0,0
"New Hampshire",2020-05-13,1,0,0
"New Hampshire",2020-05-14,1,0,0
"New Hampshire",2020-05-15,0,0,0
"New Hampshire",2020-05-16,0,0,0
"New Hampshire",2020-05-17,0,0,0
"New Hampshire",2020-05-18,0,0,0
"New Hampshire",2020-05-19,0,0,0
"New Hampshire",2020-05-20,0,0,0
"New Hampshire",2020-05-21,0,0,0
"New Hampshire",2020-05-22,0,0,0
"New Hampshire",2020-05-23,0,0,0
"New Hampshire",2020-05-24,0,0,0
"New Hampshire",2020-05-25,0,0,0
"New Hampshire",2020-05-26,0,0,0
"New Hampshire",2020-05-27,0,0,0
"New Hampshire",2020-05-28,0,0,0
"New Hampshire",2020-05-29,0,0,0
"New Hampshire",2020-05-30,0,0,0
"New Hampshire",2020-05-31,0,0,0
"Nevada",2020-04-16,350,86,75
"Nevada",2020-04-17,344,87,75
"Nevada",2020-04-18,336,81,70
"Nevada",2020-04-19,326,81,69
"Nevada",2020-04-20,315,78,67
"Nevada",2020-04-21,302,75,64
"Nevada",2020-04-22,282,71,60
"Nevada",2020-04-23,267,67,57
"Nevada",2020-04-24,250,64,53
"Nevada",2020-04-25,232,60,50
"Nevada",2020-04-26,214,56,47
"Nevada",2020-04-27,197,52,43
"Nevada",2020-04-28,181,48,40
"Nevada",2020-04-29,165,44,36
"Nevada",2020-04-30,149,41,33
"Nevada",2020-05-01,134,37,30
"Nevada",2020-05-02,121,33,27
"Nevada",2020-05-03,107,30,24
"Nevada",2020-05-04,95,27,21
"Nevada",2020-05-05,83,24,19
"Nevada",2020-05-06,72,21,16
"Nevada",2020-05-07,62,18,14
"Nevada",2020-05-08,54,16,12
"Nevada",2020-05-09,46,14,11
"Nevada",2020-05-10,39,12,9
"Nevada",2020-05-11,33,10,8
"Nevada",2020-05-12,27,8,6
"Nevada",2020-05-13,23,7,5
"Nevada",2020-05-14,19,6,4
"Nevada",2020-05-15,15,5,3
"Nevada",2020-05-16,12,4,3
"Nevada",2020-05-17,9,3,2
"Nevada",2020-05-18,7,2,2
"Nevada",2020-05-19,5,2,1
"Nevada",2020-05-20,4,1,1
"Nevada",2020-05-21,3,1,1
"Nevada",2020-05-22,2,1,1
"Nevada",2020-05-23,2,1,0
"Nevada",2020-05-24,1,0,0
"Nevada",2020-05-25,1,0,0
"Nevada",2020-05-26,1,0,0
"Nevada",2020-05-27,1,0,0
"Nevada",2020-05-28,0,0,0
"Nevada",2020-05-29,0,0,0
"Nevada",2020-05-30,0,0,0
"Nevada",2020-05-31,0,0,0
"Nebraska",2020-04-16,149,35,32
"Nebraska",2020-04-17,159,37,34
"Nebraska",2020-04-18,169,40,37
"Nebraska",2020-04-19,180,42,39
"Nebraska",2020-04-20,190,45,41
"Nebraska",2020-04-21,199,48,43
"Nebraska",2020-04-22,209,50,46
"Nebraska",2020-04-23,219,53,48
"Nebraska",2020-04-24,227,55,50
"Nebraska",2020-04-25,236,58,52
"Nebraska",2020-04-26,244,59,53
"Nebraska",2020-04-27,251,61,55
"Nebraska",2020-04-28,256,63,56
"Nebraska",2020-04-29,261,64,57
"Nebraska",2020-04-30,265,65,58
"Nebraska",2020-05-01,267,66,59
"Nebraska",2020-05-02,269,67,59
"Nebraska",2020-05-03,269,67,60
"Nebraska",2020-05-04,268,67,59
"Nebraska",2020-05-05,267,67,59
"Nebraska",2020-05-06,264,67,59
"Nebraska",2020-05-07,260,66,58
"Nebraska",2020-05-08,255,65,57
"Nebraska",2020-05-09,248,64,56
"Nebraska",2020-05-10,241,62,54
"Nebraska",2020-05-11,233,60,52
"Nebraska",2020-05-12,225,58,51
"Nebraska",2020-05-13,215,56,49
"Nebraska",2020-05-14,205,54,47
"Nebraska",2020-05-15,195,52,44
"Nebraska",2020-05-16,185,49,42
"Nebraska",2020-05-17,174,47,40
"Nebraska",2020-05-18,164,44,38
"Nebraska",2020-05-19,154,42,35
"Nebraska",2020-05-20,143,39,33
"Nebraska",2020-05-21,133,36,31
"Nebraska",2020-05-22,123,34,28
"Nebraska",2020-05-23,114,31,26
"Nebraska",2020-05-24,104,29,24
"Nebraska",2020-05-25,95,27,22
"Nebraska",2020-05-26,87,24,20
"Nebraska",2020-05-27,78,22,18
"Nebraska",2020-05-28,71,20,16
"Nebraska",2020-05-29,63,18,15
"Nebraska",2020-05-30,56,16,13
"Nebraska",2020-05-31,50,14,12
"Montana",2020-04-16,25,6,5
"Montana",2020-04-17,27,6,6
"Montana",2020-04-18,29,7,6
"Montana",2020-04-19,30,7,6
"Montana",2020-04-20,30,7,7
"Montana",2020-04-21,31,7,7
"Montana",2020-04-22,30,8,7
"Montana",2020-04-23,30,8,7
"Montana",2020-04-24,29,7,6
"Montana",2020-04-25,27,7,6
"Montana",2020-04-26,26,7,6
"Montana",2020-04-27,23,6,5
"Montana",2020-04-28,21,6,5
"Montana",2020-04-29,18,5,4
"Montana",2020-04-30,15,5,4
"Montana",2020-05-01,12,4,3
"Montana",2020-05-02,10,3,3
"Montana",2020-05-03,8,3,2
"Montana",2020-05-04,6,2,2
"Montana",2020-05-05,4,2,1
"Montana",2020-05-06,3,1,1
"Montana",2020-05-07,3,1,1
"Montana",2020-05-08,2,1,1
"Montana",2020-05-09,2,1,0
"Montana",2020-05-10,1,1,0
"Montana",2020-05-11,1,0,0
"Montana",2020-05-12,1,0,0
"Montana",2020-05-13,1,0,0
"Montana",2020-05-14,1,0,0
"Montana",2020-05-15,0,0,0
"Montana",2020-05-16,0,0,0
"Montana",2020-05-17,0,0,0
"Montana",2020-05-18,0,0,0
"Montana",2020-05-19,0,0,0
"Montana",2020-05-20,0,0,0
"Montana",2020-05-21,0,0,0
"Montana",2020-05-22,0,0,0
"Montana",2020-05-23,0,0,0
"Montana",2020-05-24,0,0,0
"Montana",2020-05-25,0,0,0
"Montana",2020-05-26,0,0,0
"Montana",2020-05-27,0,0,0
"Montana",2020-05-28,0,0,0
"Montana",2020-05-29,0,0,0
"Montana",2020-05-30,0,0,0
"Montana",2020-05-31,0,0,0
"Missouri",2020-04-16,1175,272,251
"Missouri",2020-04-17,1259,294,271
"Missouri",2020-04-18,1340,312,287
"Missouri",2020-04-19,1417,330,303
"Missouri",2020-04-20,1487,350,320
"Missouri",2020-04-21,1553,370,336
"Missouri",2020-04-22,1611,386,350
"Missouri",2020-04-23,1660,405,365
"Missouri",2020-04-24,1704,417,375
"Missouri",2020-04-25,1740,427,383
"Missouri",2020-04-26,1762,435,388
"Missouri",2020-04-27,1779,440,392
"Missouri",2020-04-28,1780,443,393
"Missouri",2020-04-29,1769,444,392
"Missouri",2020-04-30,1747,441,388
"Missouri",2020-05-01,1715,436,382
"Missouri",2020-05-02,1677,429,375
"Missouri",2020-05-03,1632,420,366
"Missouri",2020-05-04,1585,410,356
"Missouri",2020-05-05,1536,400,346
"Missouri",2020-05-06,1486,388,335
"Missouri",2020-05-07,1434,376,325
"Missouri",2020-05-08,1382,364,313
"Missouri",2020-05-09,1326,351,301
"Missouri",2020-05-10,1269,336,288
"Missouri",2020-05-11,1209,321,274
"Missouri",2020-05-12,1147,305,260
"Missouri",2020-05-13,1083,289,246
"Missouri",2020-05-14,1019,273,232
"Missouri",2020-05-15,954,257,217
"Missouri",2020-05-16,890,240,203
"Missouri",2020-05-17,827,225,189
"Missouri",2020-05-18,766,209,175
"Missouri",2020-05-19,706,194,162
"Missouri",2020-05-20,648,179,149
"Missouri",2020-05-21,593,165,137
"Missouri",2020-05-22,541,151,125
"Missouri",2020-05-23,491,138,114
"Missouri",2020-05-24,445,125,103
"Missouri",2020-05-25,400,113,93
"Missouri",2020-05-26,359,102,84
"Missouri",2020-05-27,320,92,75
"Missouri",2020-05-28,285,82,67
"Missouri",2020-05-29,252,73,59
"Missouri",2020-05-30,223,65,52
"Missouri",2020-05-31,196,57,46
"Mississippi",2020-04-16,416,100,90
"Mississippi",2020-04-17,438,104,94
"Mississippi",2020-04-18,455,108,97
"Mississippi",2020-04-19,467,111,100
"Mississippi",2020-04-20,472,112,101
"Mississippi",2020-04-21,471,113,101
"Mississippi",2020-04-22,464,112,100
"Mississippi",2020-04-23,453,112,98
"Mississippi",2020-04-24,437,109,95
"Mississippi",2020-04-25,419,106,92
"Mississippi",2020-04-26,397,102,88
"Mississippi",2020-04-27,376,98,84
"Mississippi",2020-04-28,353,93,79
"Mississippi",2020-04-29,329,88,75
"Mississippi",2020-04-30,305,83,70
"Mississippi",2020-05-01,281,77,64
"Mississippi",2020-05-02,257,71,59
"Mississippi",2020-05-03,234,65,54
"Mississippi",2020-05-04,212,60,49
"Mississippi",2020-05-05,190,54,44
"Mississippi",2020-05-06,170,48,39
"Mississippi",2020-05-07,150,43,35
"Mississippi",2020-05-08,132,38,31
"Mississippi",2020-05-09,116,34,27
"Mississippi",2020-05-10,101,30,24
"Mississippi",2020-05-11,87,26,20
"Mississippi",2020-05-12,75,22,18
"Mississippi",2020-05-13,64,19,15
"Mississippi",2020-05-14,54,16,13
"Mississippi",2020-05-15,45,14,11
"Mississippi",2020-05-16,37,12,9
"Mississippi",2020-05-17,30,9,7
"Mississippi",2020-05-18,24,8,6
"Mississippi",2020-05-19,18,6,4
"Mississippi",2020-05-20,14,5,3
"Mississippi",2020-05-21,10,4,3
"Mississippi",2020-05-22,8,3,2
"Mississippi",2020-05-23,6,2,1
"Mississippi",2020-05-24,4,2,1
"Mississippi",2020-05-25,3,1,1
"Mississippi",2020-05-26,3,1,1
"Mississippi",2020-05-27,2,1,0
"Mississippi",2020-05-28,2,0,0
"Mississippi",2020-05-29,1,0,0
"Mississippi",2020-05-30,1,0,0
"Mississippi",2020-05-31,1,0,0
"Minnesota",2020-04-16,474,107,98
"Minnesota",2020-04-17,503,115,104
"Minnesota",2020-04-18,527,121,110
"Minnesota",2020-04-19,549,127,114
"Minnesota",2020-04-20,567,131,117
"Minnesota",2020-04-21,583,135,121
"Minnesota",2020-04-22,597,139,124
"Minnesota",2020-04-23,609,144,128
"Minnesota",2020-04-24,619,147,130
"Minnesota",2020-04-25,627,150,132
"Minnesota",2020-04-26,634,152,134
"Minnesota",2020-04-27,639,154,135
"Minnesota",2020-04-28,641,155,136
"Minnesota",2020-04-29,641,155,136
"Minnesota",2020-04-30,638,155,136
"Minnesota",2020-05-01,633,154,135
"Minnesota",2020-05-02,625,153,133
"Minnesota",2020-05-03,615,151,131
"Minnesota",2020-05-04,602,149,129
"Minnesota",2020-05-05,588,146,126
"Minnesota",2020-05-06,572,143,123
"Minnesota",2020-05-07,555,139,119
"Minnesota",2020-05-08,536,135,116
"Minnesota",2020-05-09,516,130,112
"Minnesota",2020-05-10,496,126,107
"Minnesota",2020-05-11,474,121,103
"Minnesota",2020-05-12,452,116,99
"Minnesota",2020-05-13,430,111,94
"Minnesota",2020-05-14,407,105,89
"Minnesota",2020-05-15,385,100,84
"Minnesota",2020-05-16,362,94,79
"Minnesota",2020-05-17,340,89,75
"Minnesota",2020-05-18,318,83,70
"Minnesota",2020-05-19,296,78,65
"Minnesota",2020-05-20,276,73,61
"Minnesota",2020-05-21,255,68,56
"Minnesota",2020-05-22,236,63,52
"Minnesota",2020-05-23,217,58,48
"Minnesota",2020-05-24,199,54,44
"Minnesota",2020-05-25,182,49,40
"Minnesota",2020-05-26,165,45,37
"Minnesota",2020-05-27,150,41,34
"Minnesota",2020-05-28,136,37,30
"Minnesota",2020-05-29,122,34,27
"Minnesota",2020-05-30,109,31,25
"Minnesota",2020-05-31,98,27,22
"Michigan",2020-04-16,2557,729,609
"Michigan",2020-04-17,2299,669,554
"Michigan",2020-04-18,2052,607,498
"Michigan",2020-04-19,1818,548,444
"Michigan",2020-04-20,1594,489,392
"Michigan",2020-04-21,1381,413,330
"Michigan",2020-04-22,1185,362,286
"Michigan",2020-04-23,1011,317,247
"Michigan",2020-04-24,855,267,206
"Michigan",2020-04-25,698,226,173
"Michigan",2020-04-26,580,189,144
"Michigan",2020-04-27,482,157,118
"Michigan",2020-04-28,389,130,96
"Michigan",2020-04-29,316,106,78
"Michigan",2020-04-30,255,85,62
"Michigan",2020-05-01,204,68,49
"Michigan",2020-05-02,162,54,39
"Michigan",2020-05-03,127,42,30
"Michigan",2020-05-04,98,32,23
"Michigan",2020-05-05,75,25,17
"Michigan",2020-05-06,57,18,13
"Michigan",2020-05-07,42,14,9
"Michigan",2020-05-08,31,10,6
"Michigan",2020-05-09,23,7,5
"Michigan",2020-05-10,17,5,3
"Michigan",2020-05-11,13,4,2
"Michigan",2020-05-12,10,3,2
"Michigan",2020-05-13,7,2,1
"Michigan",2020-05-14,5,1,1
"Michigan",2020-05-15,4,1,0
"Michigan",2020-05-16,3,0,0
"Michigan",2020-05-17,2,0,0
"Michigan",2020-05-18,1,0,0
"Michigan",2020-05-19,1,0,0
"Michigan",2020-05-20,0,0,0
"Michigan",2020-05-21,0,0,0
"Michigan",2020-05-22,0,0,0
"Michigan",2020-05-23,0,0,0
"Michigan",2020-05-24,0,0,0
"Michigan",2020-05-25,0,0,0
"Michigan",2020-05-26,0,0,0
"Michigan",2020-05-27,0,0,0
"Michigan",2020-05-28,0,0,0
"Michigan",2020-05-29,0,0,0
"Michigan",2020-05-30,0,0,0
"Michigan",2020-05-31,0,0,0
"Massachusetts",2020-04-16,3632,1238,1174
"Massachusetts",2020-04-17,3853,1318,1247
"Massachusetts",2020-04-18,4064,1387,1312
"Massachusetts",2020-04-19,4265,1455,1375
"Massachusetts",2020-04-20,4452,1521,1434
"Massachusetts",2020-04-21,4623,1579,1487
"Massachusetts",2020-04-22,4766,1634,1535
"Massachusetts",2020-04-23,4891,1684,1579
"Massachusetts",2020-04-24,4998,1722,1612
"Massachusetts",2020-04-25,5080,1753,1638
"Massachusetts",2020-04-26,5142,1777,1657
"Massachusetts",2020-04-27,5181,1792,1668
"Massachusetts",2020-04-28,5190,1799,1671
"Massachusetts",2020-04-29,5176,1798,1667
"Massachusetts",2020-04-30,5141,1789,1655
"Massachusetts",2020-05-01,5082,1771,1636
"Massachusetts",2020-05-02,5000,1745,1609
"Massachusetts",2020-05-03,4893,1712,1574
"Massachusetts",2020-05-04,4765,1669,1532
"Massachusetts",2020-05-05,4616,1619,1482
"Massachusetts",2020-05-06,4445,1562,1427
"Massachusetts",2020-05-07,4255,1499,1365
"Massachusetts",2020-05-08,4054,1430,1299
"Massachusetts",2020-05-09,3838,1358,1230
"Massachusetts",2020-05-10,3618,1283,1159
"Massachusetts",2020-05-11,3396,1207,1087
"Massachusetts",2020-05-12,3172,1130,1015
"Massachusetts",2020-05-13,2950,1054,944
"Massachusetts",2020-05-14,2733,978,873
"Massachusetts",2020-05-15,2519,904,804
"Massachusetts",2020-05-16,2313,831,737
"Massachusetts",2020-05-17,2115,761,673
"Massachusetts",2020-05-18,1923,693,611
"Massachusetts",2020-05-19,1741,629,552
"Massachusetts",2020-05-20,1569,567,497
"Massachusetts",2020-05-21,1408,510,445
"Massachusetts",2020-05-22,1258,456,396
"Massachusetts",2020-05-23,1118,406,352
"Massachusetts",2020-05-24,989,360,311
"Massachusetts",2020-05-25,871,317,273
"Massachusetts",2020-05-26,764,279,239
"Massachusetts",2020-05-27,668,244,208
"Massachusetts",2020-05-28,580,212,180
"Massachusetts",2020-05-29,501,184,156
"Massachusetts",2020-05-30,431,158,133
"Massachusetts",2020-05-31,370,136,114
"Maryland",2020-04-16,1353,274,229
"Maryland",2020-04-17,1347,272,227
"Maryland",2020-04-18,1320,272,225
"Maryland",2020-04-19,1272,265,218
"Maryland",2020-04-20,1205,259,211
"Maryland",2020-04-21,1119,242,196
"Maryland",2020-04-22,1027,223,180
"Maryland",2020-04-23,928,205,164
"Maryland",2020-04-24,831,190,150
"Maryland",2020-04-25,729,175,136
"Maryland",2020-04-26,631,159,122
"Maryland",2020-04-27,544,143,109
"Maryland",2020-04-28,467,128,96
"Maryland",2020-04-29,399,113,84
"Maryland",2020-04-30,338,98,72
"Maryland",2020-05-01,284,84,62
"Maryland",2020-05-02,237,72,52
"Maryland",2020-05-03,197,60,43
"Maryland",2020-05-04,162,50,36
"Maryland",2020-05-05,132,41,29
"Maryland",2020-05-06,107,34,24
"Maryland",2020-05-07,85,27,19
"Maryland",2020-05-08,68,21,15
"Maryland",2020-05-09,53,17,12
"Maryland",2020-05-10,41,13,9
"Maryland",2020-05-11,31,10,7
"Maryland",2020-05-12,23,7,5
"Maryland",2020-05-13,17,6,4
"Maryland",2020-05-14,13,4,3
"Maryland",2020-05-15,9,3,2
"Maryland",2020-05-16,7,2,1
"Maryland",2020-05-17,5,2,1
"Maryland",2020-05-18,4,1,1
"Maryland",2020-05-19,3,1,0
"Maryland",2020-05-20,2,0,0
"Maryland",2020-05-21,2,0,0
"Maryland",2020-05-22,1,0,0
"Maryland",2020-05-23,1,0,0
"Maryland",2020-05-24,0,0,0
"Maryland",2020-05-25,0,0,0
"Maryland",2020-05-26,0,0,0
"Maryland",2020-05-27,0,0,0
"Maryland",2020-05-28,0,0,0
"Maryland",2020-05-29,0,0,0
"Maryland",2020-05-30,0,0,0
"Maryland",2020-05-31,0,0,0
"Maine",2020-04-16,83,19,17
"Maine",2020-04-17,83,20,17
"Maine",2020-04-18,83,20,17
"Maine",2020-04-19,82,19,17
"Maine",2020-04-20,80,19,17
"Maine",2020-04-21,78,19,17
"Maine",2020-04-22,75,18,16
"Maine",2020-04-23,73,18,16
"Maine",2020-04-24,69,18,15
"Maine",2020-04-25,66,17,14
"Maine",2020-04-26,62,16,14
"Maine",2020-04-27,59,15,13
"Maine",2020-04-28,54,14,12
"Maine",2020-04-29,50,13,11
"Maine",2020-04-30,46,12,10
"Maine",2020-05-01,41,11,9
"Maine",2020-05-02,37,10,8
"Maine",2020-05-03,33,9,7
"Maine",2020-05-04,29,8,7
"Maine",2020-05-05,25,7,6
"Maine",2020-05-06,22,6,5
"Maine",2020-05-07,19,6,4
"Maine",2020-05-08,16,5,4
"Maine",2020-05-09,14,4,3
"Maine",2020-05-10,11,4,3
"Maine",2020-05-11,9,3,2
"Maine",2020-05-12,8,2,2
"Maine",2020-05-13,6,2,2
"Maine",2020-05-14,5,2,1
"Maine",2020-05-15,4,1,1
"Maine",2020-05-16,3,1,1
"Maine",2020-05-17,3,1,1
"Maine",2020-05-18,2,1,0
"Maine",2020-05-19,2,1,0
"Maine",2020-05-20,1,0,0
"Maine",2020-05-21,1,0,0
"Maine",2020-05-22,1,0,0
"Maine",2020-05-23,1,0,0
"Maine",2020-05-24,0,0,0
"Maine",2020-05-25,0,0,0
"Maine",2020-05-26,0,0,0
"Maine",2020-05-27,0,0,0
"Maine",2020-05-28,0,0,0
"Maine",2020-05-29,0,0,0
"Maine",2020-05-30,0,0,0
"Maine",2020-05-31,0,0,0
"Louisiana",2020-04-16,946,269,219
"Louisiana",2020-04-17,847,249,200
"Louisiana",2020-04-18,749,220,176
"Louisiana",2020-04-19,664,192,153
"Louisiana",2020-04-20,577,170,134
"Louisiana",2020-04-21,506,147,116
"Louisiana",2020-04-22,433,127,99
"Louisiana",2020-04-23,367,111,87
"Louisiana",2020-04-24,311,95,73
"Louisiana",2020-04-25,262,80,62
"Louisiana",2020-04-26,218,68,52
"Louisiana",2020-04-27,183,57,43
"Louisiana",2020-04-28,150,47,35
"Louisiana",2020-04-29,123,39,29
"Louisiana",2020-04-30,100,32,24
"Louisiana",2020-05-01,80,26,19
"Louisiana",2020-05-02,63,21,15
"Louisiana",2020-05-03,49,16,12
"Louisiana",2020-05-04,38,13,9
"Louisiana",2020-05-05,28,9,6
"Louisiana",2020-05-06,20,7,5
"Louisiana",2020-05-07,15,5,3
"Louisiana",2020-05-08,11,4,3
"Louisiana",2020-05-09,9,3,2
"Louisiana",2020-05-10,7,2,1
"Louisiana",2020-05-11,5,2,1
"Louisiana",2020-05-12,4,1,1
"Louisiana",2020-05-13,3,1,0
"Louisiana",2020-05-14,2,0,0
"Louisiana",2020-05-15,2,0,0
"Louisiana",2020-05-16,1,0,0
"Louisiana",2020-05-17,1,0,0
"Louisiana",2020-05-18,0,0,0
"Louisiana",2020-05-19,0,0,0
"Louisiana",2020-05-20,0,0,0
"Louisiana",2020-05-21,0,0,0
"Louisiana",2020-05-22,0,0,0
"Louisiana",2020-05-23,0,0,0
"Louisiana",2020-05-24,0,0,0
"Louisiana",2020-05-25,0,0,0
"Louisiana",2020-05-26,0,0,0
"Louisiana",2020-05-27,0,0,0
"Louisiana",2020-05-28,0,0,0
"Louisiana",2020-05-29,0,0,0
"Louisiana",2020-05-30,0,0,0
"Louisiana",2020-05-31,0,0,0
"Kentucky",2020-04-16,753,171,157
"Kentucky",2020-04-17,791,183,167
"Kentucky",2020-04-18,830,190,173
"Kentucky",2020-04-19,865,201,182
"Kentucky",2020-04-20,897,210,190
"Kentucky",2020-04-21,927,217,195
"Kentucky",2020-04-22,950,227,203
"Kentucky",2020-04-23,975,235,210
"Kentucky",2020-04-24,995,240,214
"Kentucky",2020-04-25,1009,245,218
"Kentucky",2020-04-26,1025,250,221
"Kentucky",2020-04-27,1036,253,224
"Kentucky",2020-04-28,1042,255,225
"Kentucky",2020-04-29,1045,257,226
"Kentucky",2020-04-30,1045,258,227
"Kentucky",2020-05-01,1042,258,226
"Kentucky",2020-05-02,1035,257,225
"Kentucky",2020-05-03,1024,255,223
"Kentucky",2020-05-04,1010,252,220
"Kentucky",2020-05-05,990,248,216
"Kentucky",2020-05-06,966,243,211
"Kentucky",2020-05-07,937,237,205
"Kentucky",2020-05-08,904,230,198
"Kentucky",2020-05-09,868,222,191
"Kentucky",2020-05-10,830,213,183
"Kentucky",2020-05-11,790,204,175
"Kentucky",2020-05-12,750,195,166
"Kentucky",2020-05-13,709,186,158
"Kentucky",2020-05-14,667,176,149
"Kentucky",2020-05-15,626,166,140
"Kentucky",2020-05-16,584,156,131
"Kentucky",2020-05-17,544,146,122
"Kentucky",2020-05-18,504,136,114
"Kentucky",2020-05-19,466,126,105
"Kentucky",2020-05-20,428,117,97
"Kentucky",2020-05-21,393,108,89
"Kentucky",2020-05-22,359,99,81
"Kentucky",2020-05-23,326,90,74
"Kentucky",2020-05-24,296,82,67
"Kentucky",2020-05-25,267,75,61
"Kentucky",2020-05-26,240,67,55
"Kentucky",2020-05-27,215,61,49
"Kentucky",2020-05-28,191,54,44
"Kentucky",2020-05-29,170,48,39
"Kentucky",2020-05-30,151,43,35
"Kentucky",2020-05-31,133,38,31
"Kansas",2020-04-16,426,92,83
"Kansas",2020-04-17,453,98,89
"Kansas",2020-04-18,477,104,94
"Kansas",2020-04-19,499,109,98
"Kansas",2020-04-20,520,114,102
"Kansas",2020-04-21,539,120,107
"Kansas",2020-04-22,555,122,109
"Kansas",2020-04-23,569,128,113
"Kansas",2020-04-24,579,131,116
"Kansas",2020-04-25,590,134,118
"Kansas",2020-04-26,595,136,120
"Kansas",2020-04-27,602,138,121
"Kansas",2020-04-28,604,140,122
"Kansas",2020-04-29,604,140,122
"Kansas",2020-04-30,602,140,122
"Kansas",2020-05-01,598,140,121
"Kansas",2020-05-02,591,139,120
"Kansas",2020-05-03,582,137,118
"Kansas",2020-05-04,570,135,116
"Kansas",2020-05-05,556,133,114
"Kansas",2020-05-06,540,130,111
"Kansas",2020-05-07,523,126,108
"Kansas",2020-05-08,504,122,104
"Kansas",2020-05-09,483,118,100
"Kansas",2020-05-10,462,114,96
"Kansas",2020-05-11,441,109,92
"Kansas",2020-05-12,419,104,88
"Kansas",2020-05-13,396,99,83
"Kansas",2020-05-14,374,94,79
"Kansas",2020-05-15,351,89,74
"Kansas",2020-05-16,329,83,69
"Kansas",2020-05-17,307,78,65
"Kansas",2020-05-18,285,73,60
"Kansas",2020-05-19,263,68,56
"Kansas",2020-05-20,243,63,52
"Kansas",2020-05-21,223,58,48
"Kansas",2020-05-22,205,54,44
"Kansas",2020-05-23,186,49,40
"Kansas",2020-05-24,169,45,36
"Kansas",2020-05-25,153,41,33
"Kansas",2020-05-26,138,37,30
"Kansas",2020-05-27,124,33,27
"Kansas",2020-05-28,111,30,24
"Kansas",2020-05-29,99,27,22
"Kansas",2020-05-30,88,24,19
"Kansas",2020-05-31,78,22,17
"Iowa",2020-04-16,277,67,61
"Iowa",2020-04-17,298,71,65
"Iowa",2020-04-18,319,77,71
"Iowa",2020-04-19,340,82,76
"Iowa",2020-04-20,360,88,81
"Iowa",2020-04-21,380,94,86
"Iowa",2020-04-22,401,100,91
"Iowa",2020-04-23,422,104,95
"Iowa",2020-04-24,442,110,100
"Iowa",2020-04-25,462,115,104
"Iowa",2020-04-26,481,120,108
"Iowa",2020-04-27,498,124,112
"Iowa",2020-04-28,514,128,116
"Iowa",2020-04-29,528,132,119
"Iowa",2020-04-30,540,136,122
"Iowa",2020-05-01,551,139,125
"Iowa",2020-05-02,559,142,127
"Iowa",2020-05-03,564,143,128
"Iowa",2020-05-04,566,145,129
"Iowa",2020-05-05,566,145,129
"Iowa",2020-05-06,563,145,129
"Iowa",2020-05-07,557,144,127
"Iowa",2020-05-08,548,143,126
"Iowa",2020-05-09,537,140,123
"Iowa",2020-05-10,524,138,120
"Iowa",2020-05-11,509,134,117
"Iowa",2020-05-12,492,130,114
"Iowa",2020-05-13,474,126,110
"Iowa",2020-05-14,455,122,105
"Iowa",2020-05-15,434,117,101
"Iowa",2020-05-16,413,112,96
"Iowa",2020-05-17,391,106,91
"Iowa",2020-05-18,369,101,86
"Iowa",2020-05-19,348,95,81
"Iowa",2020-05-20,326,90,76
"Iowa",2020-05-21,304,84,71
"Iowa",2020-05-22,283,78,66
"Iowa",2020-05-23,261,73,61
"Iowa",2020-05-24,241,67,57
"Iowa",2020-05-25,221,62,52
"Iowa",2020-05-26,202,57,48
"Iowa",2020-05-27,184,52,44
"Iowa",2020-05-28,167,48,40
"Iowa",2020-05-29,151,43,36
"Iowa",2020-05-30,136,39,32
"Iowa",2020-05-31,122,35,29
"Indiana",2020-04-16,1346,334,293
"Indiana",2020-04-17,1295,328,285
"Indiana",2020-04-18,1225,314,272
"Indiana",2020-04-19,1148,299,256
"Indiana",2020-04-20,1063,279,237
"Indiana",2020-04-21,973,254,215
"Indiana",2020-04-22,878,235,197
"Indiana",2020-04-23,783,220,181
"Indiana",2020-04-24,687,196,160
"Indiana",2020-04-25,593,175,141
"Indiana",2020-04-26,511,154,123
"Indiana",2020-04-27,440,134,106
"Indiana",2020-04-28,369,116,90
"Indiana",2020-04-29,307,98,75
"Indiana",2020-04-30,252,83,62
"Indiana",2020-05-01,205,69,51
"Indiana",2020-05-02,165,57,41
"Indiana",2020-05-03,131,46,33
"Indiana",2020-05-04,103,36,26
"Indiana",2020-05-05,79,29,20
"Indiana",2020-05-06,61,22,15
"Indiana",2020-05-07,47,17,11
"Indiana",2020-05-08,36,13,8
"Indiana",2020-05-09,27,9,6
"Indiana",2020-05-10,20,7,4
"Indiana",2020-05-11,16,5,3
"Indiana",2020-05-12,12,4,2
"Indiana",2020-05-13,9,2,2
"Indiana",2020-05-14,7,2,1
"Indiana",2020-05-15,5,1,1
"Indiana",2020-05-16,4,1,0
"Indiana",2020-05-17,2,0,0
"Indiana",2020-05-18,2,0,0
"Indiana",2020-05-19,1,0,0
"Indiana",2020-05-20,1,0,0
"Indiana",2020-05-21,0,0,0
"Indiana",2020-05-22,0,0,0
"Indiana",2020-05-23,0,0,0
"Indiana",2020-05-24,0,0,0
"Indiana",2020-05-25,0,0,0
"Indiana",2020-05-26,0,0,0
"Indiana",2020-05-27,0,0,0
"Indiana",2020-05-28,0,0,0
"Indiana",2020-05-29,0,0,0
"Indiana",2020-05-30,0,0,0
"Indiana",2020-05-31,0,0,0
"Illinois",2020-04-16,1645,446,377
"Illinois",2020-04-17,1485,414,345
"Illinois",2020-04-18,1305,372,306
"Illinois",2020-04-19,1134,327,266
"Illinois",2020-04-20,974,288,231
"Illinois",2020-04-21,828,251,198
"Illinois",2020-04-22,690,213,166
"Illinois",2020-04-23,566,187,143
"Illinois",2020-04-24,464,156,117
"Illinois",2020-04-25,377,131,97
"Illinois",2020-04-26,301,108,79
"Illinois",2020-04-27,247,88,63
"Illinois",2020-04-28,194,71,50
"Illinois",2020-04-29,154,55,39
"Illinois",2020-04-30,121,43,30
"Illinois",2020-05-01,94,33,22
"Illinois",2020-05-02,72,24,16
"Illinois",2020-05-03,54,18,12
"Illinois",2020-05-04,41,13,9
"Illinois",2020-05-05,30,9,6
"Illinois",2020-05-06,23,7,4
"Illinois",2020-05-07,17,5,3
"Illinois",2020-05-08,13,3,2
"Illinois",2020-05-09,9,2,1
"Illinois",2020-05-10,7,1,1
"Illinois",2020-05-11,5,1,0
"Illinois",2020-05-12,3,0,0
"Illinois",2020-05-13,2,0,0
"Illinois",2020-05-14,1,0,0
"Illinois",2020-05-15,1,0,0
"Illinois",2020-05-16,0,0,0
"Illinois",2020-05-17,0,0,0
"Illinois",2020-05-18,0,0,0
"Illinois",2020-05-19,0,0,0
"Illinois",2020-05-20,0,0,0
"Illinois",2020-05-21,0,0,0
"Illinois",2020-05-22,0,0,0
"Illinois",2020-05-23,0,0,0
"Illinois",2020-05-24,0,0,0
"Illinois",2020-05-25,0,0,0
"Illinois",2020-05-26,0,0,0
"Illinois",2020-05-27,0,0,0
"Illinois",2020-05-28,0,0,0
"Illinois",2020-05-29,0,0,0
"Illinois",2020-05-30,0,0,0
"Illinois",2020-05-31,0,0,0
"Idaho",2020-04-16,82,21,19
"Idaho",2020-04-17,85,22,19
"Idaho",2020-04-18,87,22,20
"Idaho",2020-04-19,87,22,20
"Idaho",2020-04-20,87,22,19
"Idaho",2020-04-21,86,21,18
"Idaho",2020-04-22,83,20,18
"Idaho",2020-04-23,80,20,17
"Idaho",2020-04-24,76,19,16
"Idaho",2020-04-25,71,18,16
"Idaho",2020-04-26,67,17,15
"Idaho",2020-04-27,62,16,14
"Idaho",2020-04-28,57,15,13
"Idaho",2020-04-29,53,14,12
"Idaho",2020-04-30,48,13,11
"Idaho",2020-05-01,43,12,10
"Idaho",2020-05-02,38,11,9
"Idaho",2020-05-03,33,10,8
"Idaho",2020-05-04,28,8,7
"Idaho",2020-05-05,23,7,6
"Idaho",2020-05-06,19,6,5
"Idaho",2020-05-07,15,5,4
"Idaho",2020-05-08,11,4,3
"Idaho",2020-05-09,8,3,2
"Idaho",2020-05-10,6,3,2
"Idaho",2020-05-11,5,2,1
"Idaho",2020-05-12,4,2,1
"Idaho",2020-05-13,3,1,1
"Idaho",2020-05-14,2,1,1
"Idaho",2020-05-15,2,1,0
"Idaho",2020-05-16,2,1,0
"Idaho",2020-05-17,1,0,0
"Idaho",2020-05-18,1,0,0
"Idaho",2020-05-19,1,0,0
"Idaho",2020-05-20,1,0,0
"Idaho",2020-05-21,0,0,0
"Idaho",2020-05-22,0,0,0
"Idaho",2020-05-23,0,0,0
"Idaho",2020-05-24,0,0,0
"Idaho",2020-05-25,0,0,0
"Idaho",2020-05-26,0,0,0
"Idaho",2020-05-27,0,0,0
"Idaho",2020-05-28,0,0,0
"Idaho",2020-05-29,0,0,0
"Idaho",2020-05-30,0,0,0
"Idaho",2020-05-31,0,0,0
"Hawaii",2020-04-16,122,27,26
"Hawaii",2020-04-17,131,29,27
"Hawaii",2020-04-18,137,31,29
"Hawaii",2020-04-19,141,33,30
"Hawaii",2020-04-20,142,33,30
"Hawaii",2020-04-21,141,34,30
"Hawaii",2020-04-22,138,34,30
"Hawaii",2020-04-23,134,33,29
"Hawaii",2020-04-24,128,32,28
"Hawaii",2020-04-25,122,31,27
"Hawaii",2020-04-26,114,30,26
"Hawaii",2020-04-27,105,28,24
"Hawaii",2020-04-28,97,26,22
"Hawaii",2020-04-29,88,24,20
"Hawaii",2020-04-30,79,22,18
"Hawaii",2020-05-01,70,20,16
"Hawaii",2020-05-02,60,18,14
"Hawaii",2020-05-03,52,16,12
"Hawaii",2020-05-04,44,14,11
"Hawaii",2020-05-05,37,12,9
"Hawaii",2020-05-06,31,10,8
"Hawaii",2020-05-07,25,8,6
"Hawaii",2020-05-08,20,7,5
"Hawaii",2020-05-09,17,6,4
"Hawaii",2020-05-10,13,5,3
"Hawaii",2020-05-11,11,4,3
"Hawaii",2020-05-12,9,3,2
"Hawaii",2020-05-13,7,2,2
"Hawaii",2020-05-14,5,2,1
"Hawaii",2020-05-15,4,1,1
"Hawaii",2020-05-16,3,1,1
"Hawaii",2020-05-17,3,1,1
"Hawaii",2020-05-18,2,1,0
"Hawaii",2020-05-19,1,0,0
"Hawaii",2020-05-20,1,0,0
"Hawaii",2020-05-21,1,0,0
"Hawaii",2020-05-22,1,0,0
"Hawaii",2020-05-23,0,0,0
"Hawaii",2020-05-24,0,0,0
"Hawaii",2020-05-25,0,0,0
"Hawaii",2020-05-26,0,0,0
"Hawaii",2020-05-27,0,0,0
"Hawaii",2020-05-28,0,0,0
"Hawaii",2020-05-29,0,0,0
"Hawaii",2020-05-30,0,0,0
"Hawaii",2020-05-31,0,0,0
"Georgia",2020-04-16,2381,578,527
"Georgia",2020-04-17,2461,603,548
"Georgia",2020-04-18,2536,609,556
"Georgia",2020-04-19,2610,631,574
"Georgia",2020-04-20,2685,657,595
"Georgia",2020-04-21,2757,678,612
"Georgia",2020-04-22,2805,705,633
"Georgia",2020-04-23,2869,733,655
"Georgia",2020-04-24,2929,747,667
"Georgia",2020-04-25,2984,760,678
"Georgia",2020-04-26,3036,773,688
"Georgia",2020-04-27,3085,783,697
"Georgia",2020-04-28,3112,792,704
"Georgia",2020-04-29,3135,799,710
"Georgia",2020-04-30,3147,804,713
"Georgia",2020-05-01,3153,807,715
"Georgia",2020-05-02,3149,809,716
"Georgia",2020-05-03,3139,807,713
"Georgia",2020-05-04,3109,802,707
"Georgia",2020-05-05,3066,793,698
"Georgia",2020-05-06,3004,780,685
"Georgia",2020-05-07,2927,763,668
"Georgia",2020-05-08,2836,743,648
"Georgia",2020-05-09,2732,719,626
"Georgia",2020-05-10,2618,694,602
"Georgia",2020-05-11,2502,667,576
"Georgia",2020-05-12,2380,639,551
"Georgia",2020-05-13,2259,610,524
"Georgia",2020-05-14,2138,581,497
"Georgia",2020-05-15,2016,550,470
"Georgia",2020-05-16,1895,520,442
"Georgia",2020-05-17,1776,489,415
"Georgia",2020-05-18,1658,458,388
"Georgia",2020-05-19,1545,428,362
"Georgia",2020-05-20,1435,399,336
"Georgia",2020-05-21,1326,370,311
"Georgia",2020-05-22,1223,342,287
"Georgia",2020-05-23,1121,315,264
"Georgia",2020-05-24,1027,290,242
"Georgia",2020-05-25,937,266,221
"Georgia",2020-05-26,853,243,201
"Georgia",2020-05-27,773,221,183
"Georgia",2020-05-28,699,200,166
"Georgia",2020-05-29,630,181,149
"Georgia",2020-05-30,568,164,134
"Georgia",2020-05-31,509,147,121
"Florida",2020-04-16,2501,631,580
"Florida",2020-04-17,2608,667,611
"Florida",2020-04-18,2731,697,638
"Florida",2020-04-19,2850,732,668
"Florida",2020-04-20,2967,763,696
"Florida",2020-04-21,3087,797,725
"Florida",2020-04-22,3198,829,753
"Florida",2020-04-23,3312,866,784
"Florida",2020-04-24,3418,894,809
"Florida",2020-04-25,3522,922,834
"Florida",2020-04-26,3620,949,857
"Florida",2020-04-27,3720,975,880
"Florida",2020-04-28,3803,999,900
"Florida",2020-04-29,3882,1021,919
"Florida",2020-04-30,3951,1041,936
"Florida",2020-05-01,4009,1058,951
"Florida",2020-05-02,4054,1072,962
"Florida",2020-05-03,4076,1081,968
"Florida",2020-05-04,4069,1082,967
"Florida",2020-05-05,4033,1077,960
"Florida",2020-05-06,3969,1065,946
"Florida",2020-05-07,3879,1045,925
"Florida",2020-05-08,3763,1019,899
"Florida",2020-05-09,3627,988,868
"Florida",2020-05-10,3478,954,835
"Florida",2020-05-11,3324,918,801
"Florida",2020-05-12,3164,880,765
"Florida",2020-05-13,3000,840,727
"Florida",2020-05-14,2834,799,690
"Florida",2020-05-15,2671,756,651
"Florida",2020-05-16,2506,713,612
"Florida",2020-05-17,2343,669,572
"Florida",2020-05-18,2183,626,534
"Florida",2020-05-19,2028,583,495
"Florida",2020-05-20,1876,540,458
"Florida",2020-05-21,1730,499,422
"Florida",2020-05-22,1586,460,388
"Florida",2020-05-23,1450,422,355
"Florida",2020-05-24,1322,386,324
"Florida",2020-05-25,1200,352,295
"Florida",2020-05-26,1087,320,267
"Florida",2020-05-27,981,290,241
"Florida",2020-05-28,882,262,217
"Florida",2020-05-29,791,235,194
"Florida",2020-05-30,706,211,174
"Florida",2020-05-31,628,188,155
"Delaware",2020-04-16,109,27,23
"Delaware",2020-04-17,105,27,22
"Delaware",2020-04-18,99,26,22
"Delaware",2020-04-19,93,25,21
"Delaware",2020-04-20,87,23,19
"Delaware",2020-04-21,81,20,17
"Delaware",2020-04-22,75,19,16
"Delaware",2020-04-23,68,18,15
"Delaware",2020-04-24,60,16,13
"Delaware",2020-04-25,52,14,11
"Delaware",2020-04-26,46,13,10
"Delaware",2020-04-27,39,11,9
"Delaware",2020-04-28,32,10,7
"Delaware",2020-04-29,26,8,6
"Delaware",2020-04-30,21,7,5
"Delaware",2020-05-01,16,5,4
"Delaware",2020-05-02,12,4,3
"Delaware",2020-05-03,9,3,2
"Delaware",2020-05-04,6,3,2
"Delaware",2020-05-05,5,2,1
"Delaware",2020-05-06,4,2,1
"Delaware",2020-05-07,3,1,1
"Delaware",2020-05-08,3,1,1
"Delaware",2020-05-09,2,1,0
"Delaware",2020-05-10,2,0,0
"Delaware",2020-05-11,1,0,0
"Delaware",2020-05-12,1,0,0
"Delaware",2020-05-13,1,0,0
"Delaware",2020-05-14,0,0,0
"Delaware",2020-05-15,0,0,0
"Delaware",2020-05-16,0,0,0
"Delaware",2020-05-17,0,0,0
"Delaware",2020-05-18,0,0,0
"Delaware",2020-05-19,0,0,0
"Delaware",2020-05-20,0,0,0
"Delaware",2020-05-21,0,0,0
"Delaware",2020-05-22,0,0,0
"Delaware",2020-05-23,0,0,0
"Delaware",2020-05-24,0,0,0
"Delaware",2020-05-25,0,0,0
"Delaware",2020-05-26,0,0,0
"Delaware",2020-05-27,0,0,0
"Delaware",2020-05-28,0,0,0
"Delaware",2020-05-29,0,0,0
"Delaware",2020-05-30,0,0,0
"Delaware",2020-05-31,0,0,0
"Connecticut",2020-04-16,4495,1073,985
"Connecticut",2020-04-17,4737,1142,1044
"Connecticut",2020-04-18,4958,1195,1091
"Connecticut",2020-04-19,5155,1250,1138
"Connecticut",2020-04-20,5326,1300,1179
"Connecticut",2020-04-21,5473,1343,1213
"Connecticut",2020-04-22,5581,1385,1246
"Connecticut",2020-04-23,5663,1418,1270
"Connecticut",2020-04-24,5713,1437,1283
"Connecticut",2020-04-25,5730,1450,1290
"Connecticut",2020-04-26,5726,1454,1290
"Connecticut",2020-04-27,5689,1451,1283
"Connecticut",2020-04-28,5618,1441,1270
"Connecticut",2020-04-29,5522,1424,1250
"Connecticut",2020-04-30,5400,1400,1226
"Connecticut",2020-05-01,5255,1370,1196
"Connecticut",2020-05-02,5094,1335,1162
"Connecticut",2020-05-03,4914,1295,1123
"Connecticut",2020-05-04,4723,1250,1081
"Connecticut",2020-05-05,4514,1202,1036
"Connecticut",2020-05-06,4295,1150,988
"Connecticut",2020-05-07,4070,1096,939
"Connecticut",2020-05-08,3840,1039,887
"Connecticut",2020-05-09,3606,980,834
"Connecticut",2020-05-10,3367,921,781
"Connecticut",2020-05-11,3128,861,728
"Connecticut",2020-05-12,2896,802,675
"Connecticut",2020-05-13,2670,743,623
"Connecticut",2020-05-14,2449,685,573
"Connecticut",2020-05-15,2236,629,524
"Connecticut",2020-05-16,2031,575,478
"Connecticut",2020-05-17,1840,524,433
"Connecticut",2020-05-18,1659,475,391
"Connecticut",2020-05-19,1488,428,351
"Connecticut",2020-05-20,1328,384,314
"Connecticut",2020-05-21,1180,343,279
"Connecticut",2020-05-22,1043,306,247
"Connecticut",2020-05-23,918,271,218
"Connecticut",2020-05-24,804,239,192
"Connecticut",2020-05-25,701,209,167
"Connecticut",2020-05-26,608,183,146
"Connecticut",2020-05-27,526,159,126
"Connecticut",2020-05-28,454,138,109
"Connecticut",2020-05-29,389,118,93
"Connecticut",2020-05-30,332,101,79
"Connecticut",2020-05-31,282,86,67
"Colorado",2020-04-16,364,84,74
"Colorado",2020-04-17,343,82,72
"Colorado",2020-04-18,326,80,70
"Colorado",2020-04-19,311,75,66
"Colorado",2020-04-20,293,73,63
"Colorado",2020-04-21,278,72,61
"Colorado",2020-04-22,263,70,59
"Colorado",2020-04-23,244,67,57
"Colorado",2020-04-24,227,62,52
"Colorado",2020-04-25,211,58,48
"Colorado",2020-04-26,195,53,44
"Colorado",2020-04-27,178,49,40
"Colorado",2020-04-28,160,44,36
"Colorado",2020-04-29,143,40,33
"Colorado",2020-04-30,126,36,29
"Colorado",2020-05-01,110,32,26
"Colorado",2020-05-02,96,28,22
"Colorado",2020-05-03,83,25,19
"Colorado",2020-05-04,71,21,17
"Colorado",2020-05-05,60,18,14
"Colorado",2020-05-06,49,15,12
"Colorado",2020-05-07,39,13,10
"Colorado",2020-05-08,31,10,8
"Colorado",2020-05-09,24,8,6
"Colorado",2020-05-10,17,6,4
"Colorado",2020-05-11,12,5,3
"Colorado",2020-05-12,9,4,2
"Colorado",2020-05-13,7,3,2
"Colorado",2020-05-14,6,2,1
"Colorado",2020-05-15,5,2,1
"Colorado",2020-05-16,4,1,1
"Colorado",2020-05-17,3,1,1
"Colorado",2020-05-18,2,1,0
"Colorado",2020-05-19,2,0,0
"Colorado",2020-05-20,1,0,0
"Colorado",2020-05-21,1,0,0
"Colorado",2020-05-22,1,0,0
"Colorado",2020-05-23,0,0,0
"Colorado",2020-05-24,0,0,0
"Colorado",2020-05-25,0,0,0
"Colorado",2020-05-26,0,0,0
"Colorado",2020-05-27,0,0,0
"Colorado",2020-05-28,0,0,0
"Colorado",2020-05-29,0,0,0
"Colorado",2020-05-30,0,0,0
"Colorado",2020-05-31,0,0,0
"California",2020-04-16,2000,466,410
"California",2020-04-17,2004,470,412
"California",2020-04-18,1987,465,407
"California",2020-04-19,1950,453,396
"California",2020-04-20,1882,440,383
"California",2020-04-21,1799,426,368
"California",2020-04-22,1693,413,354
"California",2020-04-23,1571,393,333
"California",2020-04-24,1442,369,310
"California",2020-04-25,1311,343,285
"California",2020-04-26,1183,315,259
"California",2020-04-27,1054,287,234
"California",2020-04-28,928,259,209
"California",2020-04-29,810,232,185
"California",2020-04-30,699,205,161
"California",2020-05-01,598,179,140
"California",2020-05-02,507,155,120
"California",2020-05-03,425,133,101
"California",2020-05-04,355,113,85
"California",2020-05-05,295,95,71
"California",2020-05-06,243,79,58
"California",2020-05-07,200,65,48
"California",2020-05-08,164,54,39
"California",2020-05-09,135,44,32
"California",2020-05-10,109,35,25
"California",2020-05-11,87,28,20
"California",2020-05-12,68,22,15
"California",2020-05-13,53,17,12
"California",2020-05-14,40,13,9
"California",2020-05-15,30,9,6
"California",2020-05-16,21,7,4
"California",2020-05-17,15,5,3
"California",2020-05-18,11,4,2
"California",2020-05-19,9,3,2
"California",2020-05-20,7,2,1
"California",2020-05-21,5,1,1
"California",2020-05-22,4,1,1
"California",2020-05-23,3,1,0
"California",2020-05-24,2,0,0
"California",2020-05-25,1,0,0
"California",2020-05-26,1,0,0
"California",2020-05-27,1,0,0
"California",2020-05-28,0,0,0
"California",2020-05-29,0,0,0
"California",2020-05-30,0,0,0
"California",2020-05-31,0,0,0
"Arkansas",2020-04-16,109,26,23
"Arkansas",2020-04-17,115,27,25
"Arkansas",2020-04-18,120,29,26
"Arkansas",2020-04-19,125,30,27
"Arkansas",2020-04-20,129,31,28
"Arkansas",2020-04-21,133,32,29
"Arkansas",2020-04-22,136,33,29
"Arkansas",2020-04-23,139,34,30
"Arkansas",2020-04-24,141,35,31
"Arkansas",2020-04-25,145,35,32
"Arkansas",2020-04-26,147,36,32
"Arkansas",2020-04-27,150,37,33
"Arkansas",2020-04-28,152,38,33
"Arkansas",2020-04-29,154,38,34
"Arkansas",2020-04-30,155,39,34
"Arkansas",2020-05-01,157,39,34
"Arkansas",2020-05-02,157,39,34
"Arkansas",2020-05-03,157,39,34
"Arkansas",2020-05-04,156,39,34
"Arkansas",2020-05-05,155,39,34
"Arkansas",2020-05-06,153,39,34
"Arkansas",2020-05-07,151,38,33
"Arkansas",2020-05-08,148,37,33
"Arkansas",2020-05-09,144,37,32
"Arkansas",2020-05-10,141,36,31
"Arkansas",2020-05-11,137,35,31
"Arkansas",2020-05-12,133,34,30
"Arkansas",2020-05-13,128,33,29
"Arkansas",2020-05-14,123,32,28
"Arkansas",2020-05-15,119,31,27
"Arkansas",2020-05-16,114,30,26
"Arkansas",2020-05-17,109,29,25
"Arkansas",2020-05-18,104,27,23
"Arkansas",2020-05-19,99,26,22
"Arkansas",2020-05-20,94,25,21
"Arkansas",2020-05-21,89,24,20
"Arkansas",2020-05-22,83,22,19
"Arkansas",2020-05-23,79,21,18
"Arkansas",2020-05-24,74,20,17
"Arkansas",2020-05-25,69,19,16
"Arkansas",2020-05-26,64,17,15
"Arkansas",2020-05-27,60,16,14
"Arkansas",2020-05-28,55,15,13
"Arkansas",2020-05-29,51,14,12
"Arkansas",2020-05-30,46,13,11
"Arkansas",2020-05-31,43,12,10
"Arizona",2020-04-16,595,138,127
"Arizona",2020-04-17,638,150,137
"Arizona",2020-04-18,679,160,146
"Arizona",2020-04-19,716,169,154
"Arizona",2020-04-20,748,178,161
"Arizona",2020-04-21,781,186,168
"Arizona",2020-04-22,808,193,174
"Arizona",2020-04-23,832,201,181
"Arizona",2020-04-24,854,207,186
"Arizona",2020-04-25,872,213,190
"Arizona",2020-04-26,887,218,194
"Arizona",2020-04-27,900,222,197
"Arizona",2020-04-28,908,225,200
"Arizona",2020-04-29,915,227,202
"Arizona",2020-04-30,918,229,202
"Arizona",2020-05-01,917,230,203
"Arizona",2020-05-02,913,230,202
"Arizona",2020-05-03,905,229,201
"Arizona",2020-05-04,893,226,198
"Arizona",2020-05-05,877,223,195
"Arizona",2020-05-06,858,219,191
"Arizona",2020-05-07,835,214,186
"Arizona",2020-05-08,808,208,181
"Arizona",2020-05-09,779,202,175
"Arizona",2020-05-10,749,195,168
"Arizona",2020-05-11,719,188,162
"Arizona",2020-05-12,687,180,155
"Arizona",2020-05-13,653,173,148
"Arizona",2020-05-14,620,165,140
"Arizona",2020-05-15,587,156,133
"Arizona",2020-05-16,554,148,126
"Arizona",2020-05-17,521,140,118
"Arizona",2020-05-18,488,131,111
"Arizona",2020-05-19,455,123,104
"Arizona",2020-05-20,424,115,97
"Arizona",2020-05-21,393,107,90
"Arizona",2020-05-22,364,100,83
"Arizona",2020-05-23,335,92,77
"Arizona",2020-05-24,308,85,71
"Arizona",2020-05-25,283,78,65
"Arizona",2020-05-26,259,72,59
"Arizona",2020-05-27,236,66,54
"Arizona",2020-05-28,215,60,49
"Arizona",2020-05-29,195,54,45
"Arizona",2020-05-30,176,49,40
"Arizona",2020-05-31,158,45,36
"Alaska",2020-04-16,36,7,7
"Alaska",2020-04-17,37,8,7
"Alaska",2020-04-18,38,8,7
"Alaska",2020-04-19,38,8,7
"Alaska",2020-04-20,38,8,7
"Alaska",2020-04-21,38,9,7
"Alaska",2020-04-22,37,8,7
"Alaska",2020-04-23,36,8,7
"Alaska",2020-04-24,34,8,7
"Alaska",2020-04-25,33,8,7
"Alaska",2020-04-26,31,7,6
"Alaska",2020-04-27,28,7,6
"Alaska",2020-04-28,26,6,5
"Alaska",2020-04-29,23,6,5
"Alaska",2020-04-30,20,5,4
"Alaska",2020-05-01,17,5,4
"Alaska",2020-05-02,14,4,3
"Alaska",2020-05-03,11,3,3
"Alaska",2020-05-04,9,3,2
"Alaska",2020-05-05,7,2,2
"Alaska",2020-05-06,5,2,1
"Alaska",2020-05-07,4,2,1
"Alaska",2020-05-08,3,1,1
"Alaska",2020-05-09,2,1,1
"Alaska",2020-05-10,2,1,1
"Alaska",2020-05-11,2,1,0
"Alaska",2020-05-12,1,0,0
"Alaska",2020-05-13,1,0,0
"Alaska",2020-05-14,1,0,0
"Alaska",2020-05-15,1,0,0
"Alaska",2020-05-16,0,0,0
"Alaska",2020-05-17,0,0,0
"Alaska",2020-05-18,0,0,0
"Alaska",2020-05-19,0,0,0
"Alaska",2020-05-20,0,0,0
"Alaska",2020-05-21,0,0,0
"Alaska",2020-05-22,0,0,0
"Alaska",2020-05-23,0,0,0
"Alaska",2020-05-24,0,0,0
"Alaska",2020-05-25,0,0,0
"Alaska",2020-05-26,0,0,0
"Alaska",2020-05-27,0,0,0
"Alaska",2020-05-28,0,0,0
"Alaska",2020-05-29,0,0,0
"Alaska",2020-05-30,0,0,0
"Alaska",2020-05-31,0,0,0
"Alabama",2020-04-16,267,80,74
"Alabama",2020-04-17,278,83,77
"Alabama",2020-04-18,287,84,78
"Alabama",2020-04-19,293,87,80
"Alabama",2020-04-20,297,89,81
"Alabama",2020-04-21,299,89,81
"Alabama",2020-04-22,296,88,80
"Alabama",2020-04-23,292,88,80
"Alabama",2020-04-24,286,86,78
"Alabama",2020-04-25,277,84,76
"Alabama",2020-04-26,266,82,74
"Alabama",2020-04-27,256,79,71
"Alabama",2020-04-28,243,76,67
"Alabama",2020-04-29,230,72,64
"Alabama",2020-04-30,216,68,60
"Alabama",2020-05-01,201,64,56
"Alabama",2020-05-02,187,59,52
"Alabama",2020-05-03,172,55,48
"Alabama",2020-05-04,157,51,44
"Alabama",2020-05-05,143,46,40
"Alabama",2020-05-06,129,42,36
"Alabama",2020-05-07,115,38,32
"Alabama",2020-05-08,103,34,29
"Alabama",2020-05-09,91,30,25
"Alabama",2020-05-10,80,26,22
"Alabama",2020-05-11,69,23,19
"Alabama",2020-05-12,60,20,17
"Alabama",2020-05-13,52,17,14
"Alabama",2020-05-14,44,15,12
"Alabama",2020-05-15,38,13,10
"Alabama",2020-05-16,32,11,9
"Alabama",2020-05-17,27,9,7
"Alabama",2020-05-18,22,8,6
"Alabama",2020-05-19,18,6,5
"Alabama",2020-05-20,15,5,4
"Alabama",2020-05-21,12,4,3
"Alabama",2020-05-22,9,3,2
"Alabama",2020-05-23,7,3,2
"Alabama",2020-05-24,6,2,1
"Alabama",2020-05-25,4,2,1
"Alabama",2020-05-26,3,1,1
"Alabama",2020-05-27,2,1,1
"Alabama",2020-05-28,2,1,0
"Alabama",2020-05-29,1,0,0
"Alabama",2020-05-30,1,0,0
"Alabama",2020-05-31,1,0,0
